,Date,Day,count,status,country
0,3/22/2014,0,49.0,Cases,Guinea
976,3/22/2014,0,29.0,Deaths,Guinea
122,3/22/2014,0,1538.0,Cases,Liberia
1098,3/22/2014,0,782.5,Deaths,Liberia
854,3/22/2014,0,7.0,Cases,Mali
1830,3/22/2014,0,6.0,Deaths,Mali
366,3/22/2014,0,20.0,Cases,Nigeria
1342,3/22/2014,0,8.0,Deaths,Nigeria
488,3/22/2014,0,1.0,Cases,Senegal
1464,3/22/2014,0,0.0,Deaths,Senegal
244,3/22/2014,0,1121.0,Cases,SierraLeone
1220,3/22/2014,0,449.0,Deaths,SierraLeone
732,3/22/2014,0,1.0,Cases,Spain
1708,3/22/2014,0,0.0,Deaths,Spain
610,3/22/2014,0,4.0,Cases,UnitedStates
1586,3/22/2014,0,1.0,Deaths,UnitedStates
1,3/24/2014,2,86.0,Cases,Guinea
977,3/24/2014,2,59.0,Deaths,Guinea
123,3/24/2014,2,1538.0,Cases,Liberia
1099,3/24/2014,2,782.5,Deaths,Liberia
855,3/24/2014,2,7.0,Cases,Mali
1831,3/24/2014,2,6.0,Deaths,Mali
367,3/24/2014,2,20.0,Cases,Nigeria
1343,3/24/2014,2,8.0,Deaths,Nigeria
489,3/24/2014,2,1.0,Cases,Senegal
1465,3/24/2014,2,0.0,Deaths,Senegal
245,3/24/2014,2,1121.0,Cases,SierraLeone
1221,3/24/2014,2,449.0,Deaths,SierraLeone
733,3/24/2014,2,1.0,Cases,Spain
1709,3/24/2014,2,0.0,Deaths,Spain
611,3/24/2014,2,4.0,Cases,UnitedStates
1587,3/24/2014,2,1.0,Deaths,UnitedStates
2,3/25/2014,3,86.0,Cases,Guinea
978,3/25/2014,3,60.0,Deaths,Guinea
124,3/25/2014,3,1538.0,Cases,Liberia
1100,3/25/2014,3,782.5,Deaths,Liberia
856,3/25/2014,3,7.0,Cases,Mali
1832,3/25/2014,3,6.0,Deaths,Mali
368,3/25/2014,3,20.0,Cases,Nigeria
1344,3/25/2014,3,8.0,Deaths,Nigeria
490,3/25/2014,3,1.0,Cases,Senegal
1466,3/25/2014,3,0.0,Deaths,Senegal
246,3/25/2014,3,1121.0,Cases,SierraLeone
1222,3/25/2014,3,449.0,Deaths,SierraLeone
734,3/25/2014,3,1.0,Cases,Spain
1710,3/25/2014,3,0.0,Deaths,Spain
612,3/25/2014,3,4.0,Cases,UnitedStates
1588,3/25/2014,3,1.0,Deaths,UnitedStates
3,3/26/2014,4,86.0,Cases,Guinea
979,3/26/2014,4,62.0,Deaths,Guinea
125,3/26/2014,4,1538.0,Cases,Liberia
1101,3/26/2014,4,782.5,Deaths,Liberia
857,3/26/2014,4,7.0,Cases,Mali
1833,3/26/2014,4,6.0,Deaths,Mali
369,3/26/2014,4,20.0,Cases,Nigeria
1345,3/26/2014,4,8.0,Deaths,Nigeria
491,3/26/2014,4,1.0,Cases,Senegal
1467,3/26/2014,4,0.0,Deaths,Senegal
247,3/26/2014,4,1121.0,Cases,SierraLeone
1223,3/26/2014,4,449.0,Deaths,SierraLeone
735,3/26/2014,4,1.0,Cases,Spain
1711,3/26/2014,4,0.0,Deaths,Spain
613,3/26/2014,4,4.0,Cases,UnitedStates
1589,3/26/2014,4,1.0,Deaths,UnitedStates
4,3/27/2014,5,103.0,Cases,Guinea
980,3/27/2014,5,66.0,Deaths,Guinea
126,3/27/2014,5,8.0,Cases,Liberia
1102,3/27/2014,5,6.0,Deaths,Liberia
858,3/27/2014,5,7.0,Cases,Mali
1834,3/27/2014,5,6.0,Deaths,Mali
370,3/27/2014,5,20.0,Cases,Nigeria
1346,3/27/2014,5,8.0,Deaths,Nigeria
492,3/27/2014,5,1.0,Cases,Senegal
1468,3/27/2014,5,0.0,Deaths,Senegal
248,3/27/2014,5,6.0,Cases,SierraLeone
1224,3/27/2014,5,5.0,Deaths,SierraLeone
736,3/27/2014,5,1.0,Cases,Spain
1712,3/27/2014,5,0.0,Deaths,Spain
614,3/27/2014,5,4.0,Cases,UnitedStates
1590,3/27/2014,5,1.0,Deaths,UnitedStates
5,3/28/2014,6,112.0,Cases,Guinea
981,3/28/2014,6,70.0,Deaths,Guinea
127,3/28/2014,6,3.0,Cases,Liberia
1103,3/28/2014,6,3.0,Deaths,Liberia
859,3/28/2014,6,7.0,Cases,Mali
1835,3/28/2014,6,6.0,Deaths,Mali
371,3/28/2014,6,20.0,Cases,Nigeria
1347,3/28/2014,6,8.0,Deaths,Nigeria
493,3/28/2014,6,1.0,Cases,Senegal
1469,3/28/2014,6,0.0,Deaths,Senegal
249,3/28/2014,6,2.0,Cases,SierraLeone
1225,3/28/2014,6,2.0,Deaths,SierraLeone
737,3/28/2014,6,1.0,Cases,Spain
1713,3/28/2014,6,0.0,Deaths,Spain
615,3/28/2014,6,4.0,Cases,UnitedStates
1591,3/28/2014,6,1.0,Deaths,UnitedStates
6,3/29/2014,7,112.0,Cases,Guinea
982,3/29/2014,7,70.0,Deaths,Guinea
128,3/29/2014,7,7.0,Cases,Liberia
1104,3/29/2014,7,2.0,Deaths,Liberia
860,3/29/2014,7,7.0,Cases,Mali
1836,3/29/2014,7,6.0,Deaths,Mali
372,3/29/2014,7,20.0,Cases,Nigeria
1348,3/29/2014,7,8.0,Deaths,Nigeria
494,3/29/2014,7,1.0,Cases,Senegal
1470,3/29/2014,7,0.0,Deaths,Senegal
250,3/29/2014,7,2.0,Cases,SierraLeone
1226,3/29/2014,7,2.0,Deaths,SierraLeone
738,3/29/2014,7,1.0,Cases,Spain
1714,3/29/2014,7,0.0,Deaths,Spain
616,3/29/2014,7,4.0,Cases,UnitedStates
1592,3/29/2014,7,1.0,Deaths,UnitedStates
7,3/31/2014,9,122.0,Cases,Guinea
983,3/31/2014,9,80.0,Deaths,Guinea
129,3/31/2014,9,8.0,Cases,Liberia
1105,3/31/2014,9,4.0,Deaths,Liberia
861,3/31/2014,9,7.0,Cases,Mali
1837,3/31/2014,9,6.0,Deaths,Mali
373,3/31/2014,9,20.0,Cases,Nigeria
1349,3/31/2014,9,8.0,Deaths,Nigeria
495,3/31/2014,9,1.0,Cases,Senegal
1471,3/31/2014,9,0.0,Deaths,Senegal
251,3/31/2014,9,2.0,Cases,SierraLeone
1227,3/31/2014,9,2.0,Deaths,SierraLeone
739,3/31/2014,9,1.0,Cases,Spain
1715,3/31/2014,9,0.0,Deaths,Spain
617,3/31/2014,9,4.0,Cases,UnitedStates
1593,3/31/2014,9,1.0,Deaths,UnitedStates
8,4/1/2014,10,127.0,Cases,Guinea
984,4/1/2014,10,83.0,Deaths,Guinea
130,4/1/2014,10,8.0,Cases,Liberia
1106,4/1/2014,10,5.0,Deaths,Liberia
862,4/1/2014,10,7.0,Cases,Mali
1838,4/1/2014,10,6.0,Deaths,Mali
374,4/1/2014,10,20.0,Cases,Nigeria
1350,4/1/2014,10,8.0,Deaths,Nigeria
496,4/1/2014,10,1.0,Cases,Senegal
1472,4/1/2014,10,0.0,Deaths,Senegal
252,4/1/2014,10,2.0,Cases,SierraLeone
1228,4/1/2014,10,2.0,Deaths,SierraLeone
740,4/1/2014,10,1.0,Cases,Spain
1716,4/1/2014,10,0.0,Deaths,Spain
618,4/1/2014,10,4.0,Cases,UnitedStates
1594,4/1/2014,10,1.0,Deaths,UnitedStates
9,4/4/2014,13,143.0,Cases,Guinea
985,4/4/2014,13,86.0,Deaths,Guinea
131,4/4/2014,13,18.0,Cases,Liberia
1107,4/4/2014,13,7.0,Deaths,Liberia
863,4/4/2014,13,7.0,Cases,Mali
1839,4/4/2014,13,6.0,Deaths,Mali
375,4/4/2014,13,20.0,Cases,Nigeria
1351,4/4/2014,13,8.0,Deaths,Nigeria
497,4/4/2014,13,1.0,Cases,Senegal
1473,4/4/2014,13,0.0,Deaths,Senegal
253,4/4/2014,13,2.0,Cases,SierraLeone
1229,4/4/2014,13,2.0,Deaths,SierraLeone
741,4/4/2014,13,1.0,Cases,Spain
1717,4/4/2014,13,0.0,Deaths,Spain
619,4/4/2014,13,4.0,Cases,UnitedStates
1595,4/4/2014,13,1.0,Deaths,UnitedStates
10,4/7/2014,16,151.0,Cases,Guinea
986,4/7/2014,16,95.0,Deaths,Guinea
132,4/7/2014,16,21.0,Cases,Liberia
1108,4/7/2014,16,10.0,Deaths,Liberia
864,4/7/2014,16,7.0,Cases,Mali
1840,4/7/2014,16,6.0,Deaths,Mali
376,4/7/2014,16,20.0,Cases,Nigeria
1352,4/7/2014,16,8.0,Deaths,Nigeria
498,4/7/2014,16,1.0,Cases,Senegal
1474,4/7/2014,16,0.0,Deaths,Senegal
254,4/7/2014,16,2.0,Cases,SierraLeone
1230,4/7/2014,16,2.0,Deaths,SierraLeone
742,4/7/2014,16,1.0,Cases,Spain
1718,4/7/2014,16,0.0,Deaths,Spain
620,4/7/2014,16,4.0,Cases,UnitedStates
1596,4/7/2014,16,1.0,Deaths,UnitedStates
11,4/9/2014,18,158.0,Cases,Guinea
987,4/9/2014,18,101.0,Deaths,Guinea
133,4/9/2014,18,25.0,Cases,Liberia
1109,4/9/2014,18,12.0,Deaths,Liberia
865,4/9/2014,18,7.0,Cases,Mali
1841,4/9/2014,18,6.0,Deaths,Mali
377,4/9/2014,18,20.0,Cases,Nigeria
1353,4/9/2014,18,8.0,Deaths,Nigeria
499,4/9/2014,18,1.0,Cases,Senegal
1475,4/9/2014,18,0.0,Deaths,Senegal
255,4/9/2014,18,2.0,Cases,SierraLeone
1231,4/9/2014,18,2.0,Deaths,SierraLeone
743,4/9/2014,18,1.0,Cases,Spain
1719,4/9/2014,18,0.0,Deaths,Spain
621,4/9/2014,18,4.0,Cases,UnitedStates
1597,4/9/2014,18,1.0,Deaths,UnitedStates
12,4/11/2014,20,159.0,Cases,Guinea
988,4/11/2014,20,106.0,Deaths,Guinea
134,4/11/2014,20,26.0,Cases,Liberia
1110,4/11/2014,20,13.0,Deaths,Liberia
866,4/11/2014,20,7.0,Cases,Mali
1842,4/11/2014,20,6.0,Deaths,Mali
378,4/11/2014,20,20.0,Cases,Nigeria
1354,4/11/2014,20,8.0,Deaths,Nigeria
500,4/11/2014,20,1.0,Cases,Senegal
1476,4/11/2014,20,0.0,Deaths,Senegal
256,4/11/2014,20,2.0,Cases,SierraLeone
1232,4/11/2014,20,2.0,Deaths,SierraLeone
744,4/11/2014,20,1.0,Cases,Spain
1720,4/11/2014,20,0.0,Deaths,Spain
622,4/11/2014,20,4.0,Cases,UnitedStates
1598,4/11/2014,20,1.0,Deaths,UnitedStates
13,4/14/2014,23,168.0,Cases,Guinea
989,4/14/2014,23,108.0,Deaths,Guinea
135,4/14/2014,23,26.0,Cases,Liberia
1111,4/14/2014,23,13.0,Deaths,Liberia
867,4/14/2014,23,7.0,Cases,Mali
1843,4/14/2014,23,6.0,Deaths,Mali
379,4/14/2014,23,20.0,Cases,Nigeria
1355,4/14/2014,23,8.0,Deaths,Nigeria
501,4/14/2014,23,1.0,Cases,Senegal
1477,4/14/2014,23,0.0,Deaths,Senegal
257,4/14/2014,23,2.0,Cases,SierraLeone
1233,4/14/2014,23,2.0,Deaths,SierraLeone
745,4/14/2014,23,1.0,Cases,Spain
1721,4/14/2014,23,0.0,Deaths,Spain
623,4/14/2014,23,4.0,Cases,UnitedStates
1599,4/14/2014,23,1.0,Deaths,UnitedStates
14,4/15/2014,24,168.0,Cases,Guinea
990,4/15/2014,24,108.0,Deaths,Guinea
136,4/15/2014,24,26.0,Cases,Liberia
1112,4/15/2014,24,13.0,Deaths,Liberia
868,4/15/2014,24,7.0,Cases,Mali
1844,4/15/2014,24,6.0,Deaths,Mali
380,4/15/2014,24,20.0,Cases,Nigeria
1356,4/15/2014,24,8.0,Deaths,Nigeria
502,4/15/2014,24,1.0,Cases,Senegal
1478,4/15/2014,24,0.0,Deaths,Senegal
258,4/15/2014,24,12.0,Cases,SierraLeone
1234,4/15/2014,24,2.0,Deaths,SierraLeone
746,4/15/2014,24,1.0,Cases,Spain
1722,4/15/2014,24,0.0,Deaths,Spain
624,4/15/2014,24,4.0,Cases,UnitedStates
1600,4/15/2014,24,1.0,Deaths,UnitedStates
15,4/16/2014,25,197.0,Cases,Guinea
991,4/16/2014,25,122.0,Deaths,Guinea
137,4/16/2014,25,27.0,Cases,Liberia
1113,4/16/2014,25,13.0,Deaths,Liberia
869,4/16/2014,25,7.0,Cases,Mali
1845,4/16/2014,25,6.0,Deaths,Mali
381,4/16/2014,25,20.0,Cases,Nigeria
1357,4/16/2014,25,8.0,Deaths,Nigeria
503,4/16/2014,25,1.0,Cases,Senegal
1479,4/16/2014,25,0.0,Deaths,Senegal
259,4/16/2014,25,12.0,Cases,SierraLeone
1235,4/16/2014,25,2.0,Deaths,SierraLeone
747,4/16/2014,25,1.0,Cases,Spain
1723,4/16/2014,25,0.0,Deaths,Spain
625,4/16/2014,25,4.0,Cases,UnitedStates
1601,4/16/2014,25,1.0,Deaths,UnitedStates
16,4/17/2014,26,203.0,Cases,Guinea
992,4/17/2014,26,129.0,Deaths,Guinea
138,4/17/2014,26,27.0,Cases,Liberia
1114,4/17/2014,26,13.0,Deaths,Liberia
870,4/17/2014,26,7.0,Cases,Mali
1846,4/17/2014,26,6.0,Deaths,Mali
382,4/17/2014,26,20.0,Cases,Nigeria
1358,4/17/2014,26,8.0,Deaths,Nigeria
504,4/17/2014,26,1.0,Cases,Senegal
1480,4/17/2014,26,0.0,Deaths,Senegal
260,4/17/2014,26,12.0,Cases,SierraLeone
1236,4/17/2014,26,2.0,Deaths,SierraLeone
748,4/17/2014,26,1.0,Cases,Spain
1724,4/17/2014,26,0.0,Deaths,Spain
626,4/17/2014,26,4.0,Cases,UnitedStates
1602,4/17/2014,26,1.0,Deaths,UnitedStates
17,4/20/2014,29,208.0,Cases,Guinea
993,4/20/2014,29,136.0,Deaths,Guinea
139,4/20/2014,29,27.0,Cases,Liberia
1115,4/20/2014,29,6.0,Deaths,Liberia
871,4/20/2014,29,7.0,Cases,Mali
1847,4/20/2014,29,6.0,Deaths,Mali
383,4/20/2014,29,20.0,Cases,Nigeria
1359,4/20/2014,29,8.0,Deaths,Nigeria
505,4/20/2014,29,1.0,Cases,Senegal
1481,4/20/2014,29,0.0,Deaths,Senegal
261,4/20/2014,29,12.0,Cases,SierraLeone
1237,4/20/2014,29,2.0,Deaths,SierraLeone
749,4/20/2014,29,1.0,Cases,Spain
1725,4/20/2014,29,0.0,Deaths,Spain
627,4/20/2014,29,4.0,Cases,UnitedStates
1603,4/20/2014,29,1.0,Deaths,UnitedStates
18,4/21/2014,30,208.0,Cases,Guinea
994,4/21/2014,30,136.0,Deaths,Guinea
140,4/21/2014,30,34.0,Cases,Liberia
1116,4/21/2014,30,11.0,Deaths,Liberia
872,4/21/2014,30,7.0,Cases,Mali
1848,4/21/2014,30,6.0,Deaths,Mali
384,4/21/2014,30,20.0,Cases,Nigeria
1360,4/21/2014,30,8.0,Deaths,Nigeria
506,4/21/2014,30,1.0,Cases,Senegal
1482,4/21/2014,30,0.0,Deaths,Senegal
262,4/21/2014,30,12.0,Cases,SierraLeone
1238,4/21/2014,30,2.0,Deaths,SierraLeone
750,4/21/2014,30,1.0,Cases,Spain
1726,4/21/2014,30,0.0,Deaths,Spain
628,4/21/2014,30,4.0,Cases,UnitedStates
1604,4/21/2014,30,1.0,Deaths,UnitedStates
19,4/22/2014,31,208.0,Cases,Guinea
995,4/22/2014,31,136.0,Deaths,Guinea
141,4/22/2014,31,34.0,Cases,Liberia
1117,4/22/2014,31,11.0,Deaths,Liberia
873,4/22/2014,31,7.0,Cases,Mali
1849,4/22/2014,31,6.0,Deaths,Mali
385,4/22/2014,31,20.0,Cases,Nigeria
1361,4/22/2014,31,8.0,Deaths,Nigeria
507,4/22/2014,31,1.0,Cases,Senegal
1483,4/22/2014,31,0.0,Deaths,Senegal
263,4/22/2014,31,0.0,Cases,SierraLeone
1239,4/22/2014,31,0.0,Deaths,SierraLeone
751,4/22/2014,31,1.0,Cases,Spain
1727,4/22/2014,31,0.0,Deaths,Spain
629,4/22/2014,31,4.0,Cases,UnitedStates
1605,4/22/2014,31,1.0,Deaths,UnitedStates
20,4/23/2014,32,218.0,Cases,Guinea
996,4/23/2014,32,141.0,Deaths,Guinea
142,4/23/2014,32,34.0,Cases,Liberia
1118,4/23/2014,32,11.0,Deaths,Liberia
874,4/23/2014,32,7.0,Cases,Mali
1850,4/23/2014,32,6.0,Deaths,Mali
386,4/23/2014,32,20.0,Cases,Nigeria
1362,4/23/2014,32,8.0,Deaths,Nigeria
508,4/23/2014,32,1.0,Cases,Senegal
1484,4/23/2014,32,0.0,Deaths,Senegal
264,4/23/2014,32,0.0,Cases,SierraLeone
1240,4/23/2014,32,0.0,Deaths,SierraLeone
752,4/23/2014,32,1.0,Cases,Spain
1728,4/23/2014,32,0.0,Deaths,Spain
630,4/23/2014,32,4.0,Cases,UnitedStates
1606,4/23/2014,32,1.0,Deaths,UnitedStates
21,4/24/2014,33,218.0,Cases,Guinea
997,4/24/2014,33,141.0,Deaths,Guinea
143,4/24/2014,33,35.0,Cases,Liberia
1119,4/24/2014,33,11.0,Deaths,Liberia
875,4/24/2014,33,7.0,Cases,Mali
1851,4/24/2014,33,6.0,Deaths,Mali
387,4/24/2014,33,20.0,Cases,Nigeria
1363,4/24/2014,33,8.0,Deaths,Nigeria
509,4/24/2014,33,1.0,Cases,Senegal
1485,4/24/2014,33,0.0,Deaths,Senegal
265,4/24/2014,33,0.0,Cases,SierraLeone
1241,4/24/2014,33,0.0,Deaths,SierraLeone
753,4/24/2014,33,1.0,Cases,Spain
1729,4/24/2014,33,0.0,Deaths,Spain
631,4/24/2014,33,4.0,Cases,UnitedStates
1607,4/24/2014,33,1.0,Deaths,UnitedStates
22,4/26/2014,35,224.0,Cases,Guinea
998,4/26/2014,35,143.0,Deaths,Guinea
144,4/26/2014,35,35.0,Cases,Liberia
1120,4/26/2014,35,11.0,Deaths,Liberia
876,4/26/2014,35,7.0,Cases,Mali
1852,4/26/2014,35,6.0,Deaths,Mali
388,4/26/2014,35,20.0,Cases,Nigeria
1364,4/26/2014,35,8.0,Deaths,Nigeria
510,4/26/2014,35,1.0,Cases,Senegal
1486,4/26/2014,35,0.0,Deaths,Senegal
266,4/26/2014,35,0.0,Cases,SierraLeone
1242,4/26/2014,35,0.0,Deaths,SierraLeone
754,4/26/2014,35,1.0,Cases,Spain
1730,4/26/2014,35,0.0,Deaths,Spain
632,4/26/2014,35,4.0,Cases,UnitedStates
1608,4/26/2014,35,1.0,Deaths,UnitedStates
23,5/1/2014,40,226.0,Cases,Guinea
999,5/1/2014,40,149.0,Deaths,Guinea
145,5/1/2014,40,13.0,Cases,Liberia
1121,5/1/2014,40,11.0,Deaths,Liberia
877,5/1/2014,40,7.0,Cases,Mali
1853,5/1/2014,40,6.0,Deaths,Mali
389,5/1/2014,40,20.0,Cases,Nigeria
1365,5/1/2014,40,8.0,Deaths,Nigeria
511,5/1/2014,40,1.0,Cases,Senegal
1487,5/1/2014,40,0.0,Deaths,Senegal
267,5/1/2014,40,0.0,Cases,SierraLeone
1243,5/1/2014,40,0.0,Deaths,SierraLeone
755,5/1/2014,40,1.0,Cases,Spain
1731,5/1/2014,40,0.0,Deaths,Spain
633,5/1/2014,40,4.0,Cases,UnitedStates
1609,5/1/2014,40,1.0,Deaths,UnitedStates
24,5/3/2014,42,231.0,Cases,Guinea
1000,5/3/2014,42,155.0,Deaths,Guinea
146,5/3/2014,42,13.0,Cases,Liberia
1122,5/3/2014,42,11.0,Deaths,Liberia
878,5/3/2014,42,7.0,Cases,Mali
1854,5/3/2014,42,6.0,Deaths,Mali
390,5/3/2014,42,20.0,Cases,Nigeria
1366,5/3/2014,42,8.0,Deaths,Nigeria
512,5/3/2014,42,1.0,Cases,Senegal
1488,5/3/2014,42,0.0,Deaths,Senegal
268,5/3/2014,42,0.0,Cases,SierraLeone
1244,5/3/2014,42,0.0,Deaths,SierraLeone
756,5/3/2014,42,1.0,Cases,Spain
1732,5/3/2014,42,0.0,Deaths,Spain
634,5/3/2014,42,4.0,Cases,UnitedStates
1610,5/3/2014,42,1.0,Deaths,UnitedStates
25,5/5/2014,44,235.0,Cases,Guinea
1001,5/5/2014,44,157.0,Deaths,Guinea
147,5/5/2014,44,13.0,Cases,Liberia
1123,5/5/2014,44,11.0,Deaths,Liberia
879,5/5/2014,44,7.0,Cases,Mali
1855,5/5/2014,44,6.0,Deaths,Mali
391,5/5/2014,44,20.0,Cases,Nigeria
1367,5/5/2014,44,8.0,Deaths,Nigeria
513,5/5/2014,44,1.0,Cases,Senegal
1489,5/5/2014,44,0.0,Deaths,Senegal
269,5/5/2014,44,0.0,Cases,SierraLeone
1245,5/5/2014,44,0.0,Deaths,SierraLeone
757,5/5/2014,44,1.0,Cases,Spain
1733,5/5/2014,44,0.0,Deaths,Spain
635,5/5/2014,44,4.0,Cases,UnitedStates
1611,5/5/2014,44,1.0,Deaths,UnitedStates
26,5/7/2014,46,236.0,Cases,Guinea
1002,5/7/2014,46,158.0,Deaths,Guinea
148,5/7/2014,46,13.0,Cases,Liberia
1124,5/7/2014,46,11.0,Deaths,Liberia
880,5/7/2014,46,7.0,Cases,Mali
1856,5/7/2014,46,6.0,Deaths,Mali
392,5/7/2014,46,20.0,Cases,Nigeria
1368,5/7/2014,46,8.0,Deaths,Nigeria
514,5/7/2014,46,1.0,Cases,Senegal
1490,5/7/2014,46,0.0,Deaths,Senegal
270,5/7/2014,46,0.0,Cases,SierraLeone
1246,5/7/2014,46,0.0,Deaths,SierraLeone
758,5/7/2014,46,1.0,Cases,Spain
1734,5/7/2014,46,0.0,Deaths,Spain
636,5/7/2014,46,4.0,Cases,UnitedStates
1612,5/7/2014,46,1.0,Deaths,UnitedStates
27,5/10/2014,49,233.0,Cases,Guinea
1003,5/10/2014,49,157.0,Deaths,Guinea
149,5/10/2014,49,12.0,Cases,Liberia
1125,5/10/2014,49,11.0,Deaths,Liberia
881,5/10/2014,49,7.0,Cases,Mali
1857,5/10/2014,49,6.0,Deaths,Mali
393,5/10/2014,49,20.0,Cases,Nigeria
1369,5/10/2014,49,8.0,Deaths,Nigeria
515,5/10/2014,49,1.0,Cases,Senegal
1491,5/10/2014,49,0.0,Deaths,Senegal
271,5/10/2014,49,0.0,Cases,SierraLeone
1247,5/10/2014,49,0.0,Deaths,SierraLeone
759,5/10/2014,49,1.0,Cases,Spain
1735,5/10/2014,49,0.0,Deaths,Spain
637,5/10/2014,49,4.0,Cases,UnitedStates
1613,5/10/2014,49,1.0,Deaths,UnitedStates
28,5/12/2014,51,248.0,Cases,Guinea
1004,5/12/2014,51,171.0,Deaths,Guinea
150,5/12/2014,51,12.0,Cases,Liberia
1126,5/12/2014,51,11.0,Deaths,Liberia
882,5/12/2014,51,7.0,Cases,Mali
1858,5/12/2014,51,6.0,Deaths,Mali
394,5/12/2014,51,20.0,Cases,Nigeria
1370,5/12/2014,51,8.0,Deaths,Nigeria
516,5/12/2014,51,1.0,Cases,Senegal
1492,5/12/2014,51,0.0,Deaths,Senegal
272,5/12/2014,51,0.0,Cases,SierraLeone
1248,5/12/2014,51,0.0,Deaths,SierraLeone
760,5/12/2014,51,1.0,Cases,Spain
1736,5/12/2014,51,0.0,Deaths,Spain
638,5/12/2014,51,4.0,Cases,UnitedStates
1614,5/12/2014,51,1.0,Deaths,UnitedStates
29,5/23/2014,62,258.0,Cases,Guinea
1005,5/23/2014,62,174.0,Deaths,Guinea
151,5/23/2014,62,12.0,Cases,Liberia
1127,5/23/2014,62,11.0,Deaths,Liberia
883,5/23/2014,62,7.0,Cases,Mali
1859,5/23/2014,62,6.0,Deaths,Mali
395,5/23/2014,62,20.0,Cases,Nigeria
1371,5/23/2014,62,8.0,Deaths,Nigeria
517,5/23/2014,62,1.0,Cases,Senegal
1493,5/23/2014,62,0.0,Deaths,Senegal
273,5/23/2014,62,0.0,Cases,SierraLeone
1249,5/23/2014,62,0.0,Deaths,SierraLeone
761,5/23/2014,62,1.0,Cases,Spain
1737,5/23/2014,62,0.0,Deaths,Spain
639,5/23/2014,62,4.0,Cases,UnitedStates
1615,5/23/2014,62,1.0,Deaths,UnitedStates
30,5/27/2014,66,281.0,Cases,Guinea
1006,5/27/2014,66,186.0,Deaths,Guinea
152,5/27/2014,66,12.0,Cases,Liberia
1128,5/27/2014,66,11.0,Deaths,Liberia
884,5/27/2014,66,7.0,Cases,Mali
1860,5/27/2014,66,6.0,Deaths,Mali
396,5/27/2014,66,20.0,Cases,Nigeria
1372,5/27/2014,66,8.0,Deaths,Nigeria
518,5/27/2014,66,1.0,Cases,Senegal
1494,5/27/2014,66,0.0,Deaths,Senegal
274,5/27/2014,66,16.0,Cases,SierraLeone
1250,5/27/2014,66,5.0,Deaths,SierraLeone
762,5/27/2014,66,1.0,Cases,Spain
1738,5/27/2014,66,0.0,Deaths,Spain
640,5/27/2014,66,4.0,Cases,UnitedStates
1616,5/27/2014,66,1.0,Deaths,UnitedStates
31,5/28/2014,67,291.0,Cases,Guinea
1007,5/28/2014,67,193.0,Deaths,Guinea
153,5/28/2014,67,13.0,Cases,Liberia
1129,5/28/2014,67,12.0,Deaths,Liberia
885,5/28/2014,67,7.0,Cases,Mali
1861,5/28/2014,67,6.0,Deaths,Mali
397,5/28/2014,67,20.0,Cases,Nigeria
1373,5/28/2014,67,8.0,Deaths,Nigeria
519,5/28/2014,67,1.0,Cases,Senegal
1495,5/28/2014,67,0.0,Deaths,Senegal
275,5/28/2014,67,50.0,Cases,SierraLeone
1251,5/28/2014,67,6.0,Deaths,SierraLeone
763,5/28/2014,67,1.0,Cases,Spain
1739,5/28/2014,67,0.0,Deaths,Spain
641,5/28/2014,67,4.0,Cases,UnitedStates
1617,5/28/2014,67,1.0,Deaths,UnitedStates
32,6/1/2014,71,328.0,Cases,Guinea
1008,6/1/2014,71,208.0,Deaths,Guinea
154,6/1/2014,71,13.0,Cases,Liberia
1130,6/1/2014,71,12.0,Deaths,Liberia
886,6/1/2014,71,7.0,Cases,Mali
1862,6/1/2014,71,6.0,Deaths,Mali
398,6/1/2014,71,20.0,Cases,Nigeria
1374,6/1/2014,71,8.0,Deaths,Nigeria
520,6/1/2014,71,1.0,Cases,Senegal
1496,6/1/2014,71,0.0,Deaths,Senegal
276,6/1/2014,71,79.0,Cases,SierraLeone
1252,6/1/2014,71,6.0,Deaths,SierraLeone
764,6/1/2014,71,1.0,Cases,Spain
1740,6/1/2014,71,0.0,Deaths,Spain
642,6/1/2014,71,4.0,Cases,UnitedStates
1618,6/1/2014,71,1.0,Deaths,UnitedStates
33,6/3/2014,73,344.0,Cases,Guinea
1009,6/3/2014,73,215.0,Deaths,Guinea
155,6/3/2014,73,13.0,Cases,Liberia
1131,6/3/2014,73,12.0,Deaths,Liberia
887,6/3/2014,73,7.0,Cases,Mali
1863,6/3/2014,73,6.0,Deaths,Mali
399,6/3/2014,73,20.0,Cases,Nigeria
1375,6/3/2014,73,8.0,Deaths,Nigeria
521,6/3/2014,73,1.0,Cases,Senegal
1497,6/3/2014,73,0.0,Deaths,Senegal
277,6/3/2014,73,79.0,Cases,SierraLeone
1253,6/3/2014,73,6.0,Deaths,SierraLeone
765,6/3/2014,73,1.0,Cases,Spain
1741,6/3/2014,73,0.0,Deaths,Spain
643,6/3/2014,73,4.0,Cases,UnitedStates
1619,6/3/2014,73,1.0,Deaths,UnitedStates
34,6/5/2014,75,344.0,Cases,Guinea
1010,6/5/2014,75,215.0,Deaths,Guinea
156,6/5/2014,75,13.0,Cases,Liberia
1132,6/5/2014,75,12.0,Deaths,Liberia
888,6/5/2014,75,7.0,Cases,Mali
1864,6/5/2014,75,6.0,Deaths,Mali
400,6/5/2014,75,20.0,Cases,Nigeria
1376,6/5/2014,75,8.0,Deaths,Nigeria
522,6/5/2014,75,1.0,Cases,Senegal
1498,6/5/2014,75,0.0,Deaths,Senegal
278,6/5/2014,75,81.0,Cases,SierraLeone
1254,6/5/2014,75,6.0,Deaths,SierraLeone
766,6/5/2014,75,1.0,Cases,Spain
1742,6/5/2014,75,0.0,Deaths,Spain
644,6/5/2014,75,4.0,Cases,UnitedStates
1620,6/5/2014,75,1.0,Deaths,UnitedStates
35,6/10/2014,80,351.0,Cases,Guinea
1011,6/10/2014,80,226.0,Deaths,Guinea
157,6/10/2014,80,13.0,Cases,Liberia
1133,6/10/2014,80,24.0,Deaths,Liberia
889,6/10/2014,80,7.0,Cases,Mali
1865,6/10/2014,80,6.0,Deaths,Mali
401,6/10/2014,80,20.0,Cases,Nigeria
1377,6/10/2014,80,8.0,Deaths,Nigeria
523,6/10/2014,80,1.0,Cases,Senegal
1499,6/10/2014,80,0.0,Deaths,Senegal
279,6/10/2014,80,89.0,Cases,SierraLeone
1255,6/10/2014,80,7.0,Deaths,SierraLeone
767,6/10/2014,80,1.0,Cases,Spain
1743,6/10/2014,80,0.0,Deaths,Spain
645,6/10/2014,80,4.0,Cases,UnitedStates
1621,6/10/2014,80,1.0,Deaths,UnitedStates
36,6/16/2014,86,398.0,Cases,Guinea
1012,6/16/2014,86,264.0,Deaths,Guinea
158,6/16/2014,86,33.0,Cases,Liberia
1134,6/16/2014,86,24.0,Deaths,Liberia
890,6/16/2014,86,7.0,Cases,Mali
1866,6/16/2014,86,6.0,Deaths,Mali
402,6/16/2014,86,20.0,Cases,Nigeria
1378,6/16/2014,86,8.0,Deaths,Nigeria
524,6/16/2014,86,1.0,Cases,Senegal
1500,6/16/2014,86,0.0,Deaths,Senegal
280,6/16/2014,86,89.0,Cases,SierraLeone
1256,6/16/2014,86,7.0,Deaths,SierraLeone
768,6/16/2014,86,1.0,Cases,Spain
1744,6/16/2014,86,0.0,Deaths,Spain
646,6/16/2014,86,4.0,Cases,UnitedStates
1622,6/16/2014,86,1.0,Deaths,UnitedStates
37,6/17/2014,87,398.0,Cases,Guinea
1013,6/17/2014,87,264.0,Deaths,Guinea
159,6/17/2014,87,33.0,Cases,Liberia
1135,6/17/2014,87,24.0,Deaths,Liberia
891,6/17/2014,87,7.0,Cases,Mali
1867,6/17/2014,87,6.0,Deaths,Mali
403,6/17/2014,87,20.0,Cases,Nigeria
1379,6/17/2014,87,8.0,Deaths,Nigeria
525,6/17/2014,87,1.0,Cases,Senegal
1501,6/17/2014,87,0.0,Deaths,Senegal
281,6/17/2014,87,97.0,Cases,SierraLeone
1257,6/17/2014,87,49.0,Deaths,SierraLeone
769,6/17/2014,87,1.0,Cases,Spain
1745,6/17/2014,87,0.0,Deaths,Spain
647,6/17/2014,87,4.0,Cases,UnitedStates
1623,6/17/2014,87,1.0,Deaths,UnitedStates
38,6/18/2014,88,390.0,Cases,Guinea
1014,6/18/2014,88,267.0,Deaths,Guinea
160,6/18/2014,88,33.0,Cases,Liberia
1136,6/18/2014,88,24.0,Deaths,Liberia
892,6/18/2014,88,7.0,Cases,Mali
1868,6/18/2014,88,6.0,Deaths,Mali
404,6/18/2014,88,20.0,Cases,Nigeria
1380,6/18/2014,88,8.0,Deaths,Nigeria
526,6/18/2014,88,1.0,Cases,Senegal
1502,6/18/2014,88,0.0,Deaths,Senegal
282,6/18/2014,88,136.0,Cases,SierraLeone
1258,6/18/2014,88,28.0,Deaths,SierraLeone
770,6/18/2014,88,1.0,Cases,Spain
1746,6/18/2014,88,0.0,Deaths,Spain
648,6/18/2014,88,4.0,Cases,UnitedStates
1624,6/18/2014,88,1.0,Deaths,UnitedStates
39,6/19/2014,89,390.0,Cases,Guinea
1015,6/19/2014,89,267.0,Deaths,Guinea
161,6/19/2014,89,41.0,Cases,Liberia
1137,6/19/2014,89,25.0,Deaths,Liberia
893,6/19/2014,89,7.0,Cases,Mali
1869,6/19/2014,89,6.0,Deaths,Mali
405,6/19/2014,89,20.0,Cases,Nigeria
1381,6/19/2014,89,8.0,Deaths,Nigeria
527,6/19/2014,89,1.0,Cases,Senegal
1503,6/19/2014,89,0.0,Deaths,Senegal
283,6/19/2014,89,136.0,Cases,SierraLeone
1259,6/19/2014,89,28.0,Deaths,SierraLeone
771,6/19/2014,89,1.0,Cases,Spain
1747,6/19/2014,89,0.0,Deaths,Spain
649,6/19/2014,89,4.0,Cases,UnitedStates
1625,6/19/2014,89,1.0,Deaths,UnitedStates
40,6/20/2014,90,390.0,Cases,Guinea
1016,6/20/2014,90,270.0,Deaths,Guinea
162,6/20/2014,90,41.0,Cases,Liberia
1138,6/20/2014,90,25.0,Deaths,Liberia
894,6/20/2014,90,7.0,Cases,Mali
1870,6/20/2014,90,6.0,Deaths,Mali
406,6/20/2014,90,20.0,Cases,Nigeria
1382,6/20/2014,90,8.0,Deaths,Nigeria
528,6/20/2014,90,1.0,Cases,Senegal
1504,6/20/2014,90,0.0,Deaths,Senegal
284,6/20/2014,90,158.0,Cases,SierraLeone
1260,6/20/2014,90,34.0,Deaths,SierraLeone
772,6/20/2014,90,1.0,Cases,Spain
1748,6/20/2014,90,0.0,Deaths,Spain
650,6/20/2014,90,4.0,Cases,UnitedStates
1626,6/20/2014,90,1.0,Deaths,UnitedStates
41,6/22/2014,92,390.0,Cases,Guinea
1017,6/22/2014,92,270.0,Deaths,Guinea
163,6/22/2014,92,51.0,Cases,Liberia
1139,6/22/2014,92,34.0,Deaths,Liberia
895,6/22/2014,92,7.0,Cases,Mali
1871,6/22/2014,92,6.0,Deaths,Mali
407,6/22/2014,92,20.0,Cases,Nigeria
1383,6/22/2014,92,8.0,Deaths,Nigeria
529,6/22/2014,92,1.0,Cases,Senegal
1505,6/22/2014,92,0.0,Deaths,Senegal
285,6/22/2014,92,158.0,Cases,SierraLeone
1261,6/22/2014,92,34.0,Deaths,SierraLeone
773,6/22/2014,92,1.0,Cases,Spain
1749,6/22/2014,92,0.0,Deaths,Spain
651,6/22/2014,92,4.0,Cases,UnitedStates
1627,6/22/2014,92,1.0,Deaths,UnitedStates
42,6/30/2014,100,413.0,Cases,Guinea
1018,6/30/2014,100,303.0,Deaths,Guinea
164,6/30/2014,100,107.0,Cases,Liberia
1140,6/30/2014,100,65.0,Deaths,Liberia
896,6/30/2014,100,7.0,Cases,Mali
1872,6/30/2014,100,6.0,Deaths,Mali
408,6/30/2014,100,20.0,Cases,Nigeria
1384,6/30/2014,100,8.0,Deaths,Nigeria
530,6/30/2014,100,1.0,Cases,Senegal
1506,6/30/2014,100,0.0,Deaths,Senegal
286,6/30/2014,100,239.0,Cases,SierraLeone
1262,6/30/2014,100,99.0,Deaths,SierraLeone
774,6/30/2014,100,1.0,Cases,Spain
1750,6/30/2014,100,0.0,Deaths,Spain
652,6/30/2014,100,4.0,Cases,UnitedStates
1628,6/30/2014,100,1.0,Deaths,UnitedStates
43,7/2/2014,102,412.0,Cases,Guinea
1019,7/2/2014,102,305.0,Deaths,Guinea
165,7/2/2014,102,115.0,Cases,Liberia
1141,7/2/2014,102,75.0,Deaths,Liberia
897,7/2/2014,102,7.0,Cases,Mali
1873,7/2/2014,102,6.0,Deaths,Mali
409,7/2/2014,102,20.0,Cases,Nigeria
1385,7/2/2014,102,8.0,Deaths,Nigeria
531,7/2/2014,102,1.0,Cases,Senegal
1507,7/2/2014,102,0.0,Deaths,Senegal
287,7/2/2014,102,252.0,Cases,SierraLeone
1263,7/2/2014,102,101.0,Deaths,SierraLeone
775,7/2/2014,102,1.0,Cases,Spain
1751,7/2/2014,102,0.0,Deaths,Spain
653,7/2/2014,102,4.0,Cases,UnitedStates
1629,7/2/2014,102,1.0,Deaths,UnitedStates
44,7/6/2014,106,408.0,Cases,Guinea
1020,7/6/2014,106,307.0,Deaths,Guinea
166,7/6/2014,106,131.0,Cases,Liberia
1142,7/6/2014,106,84.0,Deaths,Liberia
898,7/6/2014,106,7.0,Cases,Mali
1874,7/6/2014,106,6.0,Deaths,Mali
410,7/6/2014,106,20.0,Cases,Nigeria
1386,7/6/2014,106,8.0,Deaths,Nigeria
532,7/6/2014,106,1.0,Cases,Senegal
1508,7/6/2014,106,0.0,Deaths,Senegal
288,7/6/2014,106,305.0,Cases,SierraLeone
1264,7/6/2014,106,127.0,Deaths,SierraLeone
776,7/6/2014,106,1.0,Cases,Spain
1752,7/6/2014,106,0.0,Deaths,Spain
654,7/6/2014,106,4.0,Cases,UnitedStates
1630,7/6/2014,106,1.0,Deaths,UnitedStates
45,7/8/2014,108,409.0,Cases,Guinea
1021,7/8/2014,108,309.0,Deaths,Guinea
167,7/8/2014,108,142.0,Cases,Liberia
1143,7/8/2014,108,88.0,Deaths,Liberia
899,7/8/2014,108,7.0,Cases,Mali
1875,7/8/2014,108,6.0,Deaths,Mali
411,7/8/2014,108,20.0,Cases,Nigeria
1387,7/8/2014,108,8.0,Deaths,Nigeria
533,7/8/2014,108,1.0,Cases,Senegal
1509,7/8/2014,108,0.0,Deaths,Senegal
289,7/8/2014,108,337.0,Cases,SierraLeone
1265,7/8/2014,108,142.0,Deaths,SierraLeone
777,7/8/2014,108,1.0,Cases,Spain
1753,7/8/2014,108,0.0,Deaths,Spain
655,7/8/2014,108,4.0,Cases,UnitedStates
1631,7/8/2014,108,1.0,Deaths,UnitedStates
46,7/12/2014,112,406.0,Cases,Guinea
1022,7/12/2014,112,304.0,Deaths,Guinea
168,7/12/2014,112,172.0,Cases,Liberia
1144,7/12/2014,112,105.0,Deaths,Liberia
900,7/12/2014,112,7.0,Cases,Mali
1876,7/12/2014,112,6.0,Deaths,Mali
412,7/12/2014,112,20.0,Cases,Nigeria
1388,7/12/2014,112,8.0,Deaths,Nigeria
534,7/12/2014,112,1.0,Cases,Senegal
1510,7/12/2014,112,0.0,Deaths,Senegal
290,7/12/2014,112,386.0,Cases,SierraLeone
1266,7/12/2014,112,194.0,Deaths,SierraLeone
778,7/12/2014,112,1.0,Cases,Spain
1754,7/12/2014,112,0.0,Deaths,Spain
656,7/12/2014,112,4.0,Cases,UnitedStates
1632,7/12/2014,112,1.0,Deaths,UnitedStates
47,7/14/2014,114,411.0,Cases,Guinea
1023,7/14/2014,114,310.0,Deaths,Guinea
169,7/14/2014,114,174.0,Cases,Liberia
1145,7/14/2014,114,106.0,Deaths,Liberia
901,7/14/2014,114,7.0,Cases,Mali
1877,7/14/2014,114,6.0,Deaths,Mali
413,7/14/2014,114,20.0,Cases,Nigeria
1389,7/14/2014,114,8.0,Deaths,Nigeria
535,7/14/2014,114,1.0,Cases,Senegal
1511,7/14/2014,114,0.0,Deaths,Senegal
291,7/14/2014,114,397.0,Cases,SierraLeone
1267,7/14/2014,114,197.0,Deaths,SierraLeone
779,7/14/2014,114,1.0,Cases,Spain
1755,7/14/2014,114,0.0,Deaths,Spain
657,7/14/2014,114,4.0,Cases,UnitedStates
1633,7/14/2014,114,1.0,Deaths,UnitedStates
48,7/17/2014,117,410.0,Cases,Guinea
1024,7/17/2014,117,310.0,Deaths,Guinea
170,7/17/2014,117,196.0,Cases,Liberia
1146,7/17/2014,117,116.0,Deaths,Liberia
902,7/17/2014,117,7.0,Cases,Mali
1878,7/17/2014,117,6.0,Deaths,Mali
414,7/17/2014,117,20.0,Cases,Nigeria
1390,7/17/2014,117,8.0,Deaths,Nigeria
536,7/17/2014,117,1.0,Cases,Senegal
1512,7/17/2014,117,0.0,Deaths,Senegal
292,7/17/2014,117,442.0,Cases,SierraLeone
1268,7/17/2014,117,206.0,Deaths,SierraLeone
780,7/17/2014,117,1.0,Cases,Spain
1756,7/17/2014,117,0.0,Deaths,Spain
658,7/17/2014,117,4.0,Cases,UnitedStates
1634,7/17/2014,117,1.0,Deaths,UnitedStates
49,7/20/2014,120,415.0,Cases,Guinea
1025,7/20/2014,120,314.0,Deaths,Guinea
171,7/20/2014,120,224.0,Cases,Liberia
1147,7/20/2014,120,127.0,Deaths,Liberia
903,7/20/2014,120,7.0,Cases,Mali
1879,7/20/2014,120,6.0,Deaths,Mali
415,7/20/2014,120,20.0,Cases,Nigeria
1391,7/20/2014,120,8.0,Deaths,Nigeria
537,7/20/2014,120,1.0,Cases,Senegal
1513,7/20/2014,120,0.0,Deaths,Senegal
293,7/20/2014,120,454.0,Cases,SierraLeone
1269,7/20/2014,120,219.0,Deaths,SierraLeone
781,7/20/2014,120,1.0,Cases,Spain
1757,7/20/2014,120,0.0,Deaths,Spain
659,7/20/2014,120,4.0,Cases,UnitedStates
1635,7/20/2014,120,1.0,Deaths,UnitedStates
50,7/23/2014,123,427.0,Cases,Guinea
1026,7/23/2014,123,319.0,Deaths,Guinea
172,7/23/2014,123,249.0,Cases,Liberia
1148,7/23/2014,123,129.0,Deaths,Liberia
904,7/23/2014,123,7.0,Cases,Mali
1880,7/23/2014,123,6.0,Deaths,Mali
416,7/23/2014,123,0.0,Cases,Nigeria
1392,7/23/2014,123,0.0,Deaths,Nigeria
538,7/23/2014,123,1.0,Cases,Senegal
1514,7/23/2014,123,0.0,Deaths,Senegal
294,7/23/2014,123,525.0,Cases,SierraLeone
1270,7/23/2014,123,224.0,Deaths,SierraLeone
782,7/23/2014,123,1.0,Cases,Spain
1758,7/23/2014,123,0.0,Deaths,Spain
660,7/23/2014,123,4.0,Cases,UnitedStates
1636,7/23/2014,123,1.0,Deaths,UnitedStates
51,7/27/2014,126,460.0,Cases,Guinea
1027,7/27/2014,126,339.0,Deaths,Guinea
173,7/27/2014,126,329.0,Cases,Liberia
1149,7/27/2014,126,156.0,Deaths,Liberia
905,7/27/2014,126,7.0,Cases,Mali
1881,7/27/2014,126,6.0,Deaths,Mali
417,7/27/2014,126,1.0,Cases,Nigeria
1393,7/27/2014,126,1.0,Deaths,Nigeria
539,7/27/2014,126,1.0,Cases,Senegal
1515,7/27/2014,126,0.0,Deaths,Senegal
295,7/27/2014,126,533.0,Cases,SierraLeone
1271,7/27/2014,126,233.0,Deaths,SierraLeone
783,7/27/2014,126,1.0,Cases,Spain
1759,7/27/2014,126,0.0,Deaths,Spain
661,7/27/2014,126,4.0,Cases,UnitedStates
1637,7/27/2014,126,1.0,Deaths,UnitedStates
52,7/30/2014,129,472.0,Cases,Guinea
1028,7/30/2014,129,346.0,Deaths,Guinea
174,7/30/2014,129,391.0,Cases,Liberia
1150,7/30/2014,129,227.0,Deaths,Liberia
906,7/30/2014,129,7.0,Cases,Mali
1882,7/30/2014,129,6.0,Deaths,Mali
418,7/30/2014,129,3.0,Cases,Nigeria
1394,7/30/2014,129,1.0,Deaths,Nigeria
540,7/30/2014,129,1.0,Cases,Senegal
1516,7/30/2014,129,0.0,Deaths,Senegal
296,7/30/2014,129,574.0,Cases,SierraLeone
1272,7/30/2014,129,252.0,Deaths,SierraLeone
784,7/30/2014,129,1.0,Cases,Spain
1760,7/30/2014,129,0.0,Deaths,Spain
662,7/30/2014,129,4.0,Cases,UnitedStates
1638,7/30/2014,129,1.0,Deaths,UnitedStates
53,8/1/2014,132,485.0,Cases,Guinea
1029,8/1/2014,132,358.0,Deaths,Guinea
175,8/1/2014,132,468.0,Cases,Liberia
1151,8/1/2014,132,255.0,Deaths,Liberia
907,8/1/2014,132,7.0,Cases,Mali
1883,8/1/2014,132,6.0,Deaths,Mali
419,8/1/2014,132,4.0,Cases,Nigeria
1395,8/1/2014,132,1.0,Deaths,Nigeria
541,8/1/2014,132,1.0,Cases,Senegal
1517,8/1/2014,132,0.0,Deaths,Senegal
297,8/1/2014,132,646.0,Cases,SierraLeone
1273,8/1/2014,132,273.0,Deaths,SierraLeone
785,8/1/2014,132,1.0,Cases,Spain
1761,8/1/2014,132,0.0,Deaths,Spain
663,8/1/2014,132,4.0,Cases,UnitedStates
1639,8/1/2014,132,1.0,Deaths,UnitedStates
54,8/4/2014,135,495.0,Cases,Guinea
1030,8/4/2014,135,363.0,Deaths,Guinea
176,8/4/2014,135,516.0,Cases,Liberia
1152,8/4/2014,135,282.0,Deaths,Liberia
908,8/4/2014,135,7.0,Cases,Mali
1884,8/4/2014,135,6.0,Deaths,Mali
420,8/4/2014,135,9.0,Cases,Nigeria
1396,8/4/2014,135,1.0,Deaths,Nigeria
542,8/4/2014,135,1.0,Cases,Senegal
1518,8/4/2014,135,0.0,Deaths,Senegal
298,8/4/2014,135,691.0,Cases,SierraLeone
1274,8/4/2014,135,286.0,Deaths,SierraLeone
786,8/4/2014,135,1.0,Cases,Spain
1762,8/4/2014,135,0.0,Deaths,Spain
664,8/4/2014,135,4.0,Cases,UnitedStates
1640,8/4/2014,135,1.0,Deaths,UnitedStates
55,8/6/2014,137,495.0,Cases,Guinea
1031,8/6/2014,137,367.0,Deaths,Guinea
177,8/6/2014,137,554.0,Cases,Liberia
1153,8/6/2014,137,294.0,Deaths,Liberia
909,8/6/2014,137,7.0,Cases,Mali
1885,8/6/2014,137,6.0,Deaths,Mali
421,8/6/2014,137,13.0,Cases,Nigeria
1397,8/6/2014,137,2.0,Deaths,Nigeria
543,8/6/2014,137,1.0,Cases,Senegal
1519,8/6/2014,137,0.0,Deaths,Senegal
299,8/6/2014,137,717.0,Cases,SierraLeone
1275,8/6/2014,137,298.0,Deaths,SierraLeone
787,8/6/2014,137,1.0,Cases,Spain
1763,8/6/2014,137,0.0,Deaths,Spain
665,8/6/2014,137,4.0,Cases,UnitedStates
1641,8/6/2014,137,1.0,Deaths,UnitedStates
56,8/9/2014,140,506.0,Cases,Guinea
1032,8/9/2014,140,373.0,Deaths,Guinea
178,8/9/2014,140,599.0,Cases,Liberia
1154,8/9/2014,140,323.0,Deaths,Liberia
910,8/9/2014,140,7.0,Cases,Mali
1886,8/9/2014,140,6.0,Deaths,Mali
422,8/9/2014,140,13.0,Cases,Nigeria
1398,8/9/2014,140,2.0,Deaths,Nigeria
544,8/9/2014,140,1.0,Cases,Senegal
1520,8/9/2014,140,0.0,Deaths,Senegal
300,8/9/2014,140,730.0,Cases,SierraLeone
1276,8/9/2014,140,315.0,Deaths,SierraLeone
788,8/9/2014,140,1.0,Cases,Spain
1764,8/9/2014,140,0.0,Deaths,Spain
666,8/9/2014,140,4.0,Cases,UnitedStates
1642,8/9/2014,140,1.0,Deaths,UnitedStates
57,8/11/2014,142,510.0,Cases,Guinea
1033,8/11/2014,142,377.0,Deaths,Guinea
179,8/11/2014,142,670.0,Cases,Liberia
1155,8/11/2014,142,355.0,Deaths,Liberia
911,8/11/2014,142,7.0,Cases,Mali
1887,8/11/2014,142,6.0,Deaths,Mali
423,8/11/2014,142,12.0,Cases,Nigeria
1399,8/11/2014,142,3.0,Deaths,Nigeria
545,8/11/2014,142,1.0,Cases,Senegal
1521,8/11/2014,142,0.0,Deaths,Senegal
301,8/11/2014,142,783.0,Cases,SierraLeone
1277,8/11/2014,142,334.0,Deaths,SierraLeone
789,8/11/2014,142,1.0,Cases,Spain
1765,8/11/2014,142,0.0,Deaths,Spain
667,8/11/2014,142,4.0,Cases,UnitedStates
1643,8/11/2014,142,1.0,Deaths,UnitedStates
58,8/13/2014,144,519.0,Cases,Guinea
1034,8/13/2014,144,380.0,Deaths,Guinea
180,8/13/2014,144,786.0,Cases,Liberia
1156,8/13/2014,144,413.0,Deaths,Liberia
912,8/13/2014,144,7.0,Cases,Mali
1888,8/13/2014,144,6.0,Deaths,Mali
424,8/13/2014,144,12.0,Cases,Nigeria
1400,8/13/2014,144,4.0,Deaths,Nigeria
546,8/13/2014,144,1.0,Cases,Senegal
1522,8/13/2014,144,0.0,Deaths,Senegal
302,8/13/2014,144,810.0,Cases,SierraLeone
1278,8/13/2014,144,348.0,Deaths,SierraLeone
790,8/13/2014,144,1.0,Cases,Spain
1766,8/13/2014,144,0.0,Deaths,Spain
668,8/13/2014,144,4.0,Cases,UnitedStates
1644,8/13/2014,144,1.0,Deaths,UnitedStates
59,8/16/2014,147,543.0,Cases,Guinea
1035,8/16/2014,147,394.0,Deaths,Guinea
181,8/16/2014,147,834.0,Cases,Liberia
1157,8/16/2014,147,466.0,Deaths,Liberia
913,8/16/2014,147,7.0,Cases,Mali
1889,8/16/2014,147,6.0,Deaths,Mali
425,8/16/2014,147,15.0,Cases,Nigeria
1401,8/16/2014,147,4.0,Deaths,Nigeria
547,8/16/2014,147,1.0,Cases,Senegal
1523,8/16/2014,147,0.0,Deaths,Senegal
303,8/16/2014,147,848.0,Cases,SierraLeone
1279,8/16/2014,147,365.0,Deaths,SierraLeone
791,8/16/2014,147,1.0,Cases,Spain
1767,8/16/2014,147,0.0,Deaths,Spain
669,8/16/2014,147,4.0,Cases,UnitedStates
1645,8/16/2014,147,1.0,Deaths,UnitedStates
60,8/18/2014,149,579.0,Cases,Guinea
1036,8/18/2014,149,396.0,Deaths,Guinea
182,8/18/2014,149,972.0,Cases,Liberia
1158,8/18/2014,149,576.0,Deaths,Liberia
914,8/18/2014,149,7.0,Cases,Mali
1890,8/18/2014,149,6.0,Deaths,Mali
426,8/18/2014,149,15.0,Cases,Nigeria
1402,8/18/2014,149,4.0,Deaths,Nigeria
548,8/18/2014,149,1.0,Cases,Senegal
1524,8/18/2014,149,0.0,Deaths,Senegal
304,8/18/2014,149,907.0,Cases,SierraLeone
1280,8/18/2014,149,374.0,Deaths,SierraLeone
792,8/18/2014,149,1.0,Cases,Spain
1768,8/18/2014,149,0.0,Deaths,Spain
670,8/18/2014,149,4.0,Cases,UnitedStates
1646,8/18/2014,149,1.0,Deaths,UnitedStates
61,8/20/2014,151,607.0,Cases,Guinea
1037,8/20/2014,151,406.0,Deaths,Guinea
183,8/20/2014,151,1082.0,Cases,Liberia
1159,8/20/2014,151,624.0,Deaths,Liberia
915,8/20/2014,151,7.0,Cases,Mali
1891,8/20/2014,151,6.0,Deaths,Mali
427,8/20/2014,151,16.0,Cases,Nigeria
1403,8/20/2014,151,5.0,Deaths,Nigeria
549,8/20/2014,151,1.0,Cases,Senegal
1525,8/20/2014,151,0.0,Deaths,Senegal
305,8/20/2014,151,910.0,Cases,SierraLeone
1281,8/20/2014,151,392.0,Deaths,SierraLeone
793,8/20/2014,151,1.0,Cases,Spain
1769,8/20/2014,151,0.0,Deaths,Spain
671,8/20/2014,151,4.0,Cases,UnitedStates
1647,8/20/2014,151,1.0,Deaths,UnitedStates
62,8/26/2014,157,648.0,Cases,Guinea
1038,8/26/2014,157,430.0,Deaths,Guinea
184,8/26/2014,157,1378.0,Cases,Liberia
1160,8/26/2014,157,694.0,Deaths,Liberia
916,8/26/2014,157,7.0,Cases,Mali
1892,8/26/2014,157,6.0,Deaths,Mali
428,8/26/2014,157,17.0,Cases,Nigeria
1404,8/26/2014,157,6.0,Deaths,Nigeria
550,8/26/2014,157,1.0,Cases,Senegal
1526,8/26/2014,157,0.0,Deaths,Senegal
306,8/26/2014,157,1026.0,Cases,SierraLeone
1282,8/26/2014,157,422.0,Deaths,SierraLeone
794,8/26/2014,157,1.0,Cases,Spain
1770,8/26/2014,157,0.0,Deaths,Spain
672,8/26/2014,157,4.0,Cases,UnitedStates
1648,8/26/2014,157,1.0,Deaths,UnitedStates
63,8/31/2014,162,771.0,Cases,Guinea
1039,8/31/2014,162,494.0,Deaths,Guinea
185,8/31/2014,162,1698.0,Cases,Liberia
1161,8/31/2014,162,871.0,Deaths,Liberia
917,8/31/2014,162,7.0,Cases,Mali
1893,8/31/2014,162,6.0,Deaths,Mali
429,8/31/2014,162,21.0,Cases,Nigeria
1405,8/31/2014,162,7.0,Deaths,Nigeria
551,8/31/2014,162,1.0,Cases,Senegal
1527,8/31/2014,162,0.0,Deaths,Senegal
307,8/31/2014,162,1216.0,Cases,SierraLeone
1283,8/31/2014,162,476.0,Deaths,SierraLeone
795,8/31/2014,162,1.0,Cases,Spain
1771,8/31/2014,162,0.0,Deaths,Spain
673,8/31/2014,162,4.0,Cases,UnitedStates
1649,8/31/2014,162,1.0,Deaths,UnitedStates
64,9/5/2014,167,812.0,Cases,Guinea
1040,9/5/2014,167,517.0,Deaths,Guinea
186,9/5/2014,167,1871.0,Cases,Liberia
1162,9/5/2014,167,1089.0,Deaths,Liberia
918,9/5/2014,167,7.0,Cases,Mali
1894,9/5/2014,167,6.0,Deaths,Mali
430,9/5/2014,167,22.0,Cases,Nigeria
1406,9/5/2014,167,8.0,Deaths,Nigeria
552,9/5/2014,167,1.0,Cases,Senegal
1528,9/5/2014,167,0.0,Deaths,Senegal
308,9/5/2014,167,1261.0,Cases,SierraLeone
1284,9/5/2014,167,491.0,Deaths,SierraLeone
796,9/5/2014,167,1.0,Cases,Spain
1772,9/5/2014,167,0.0,Deaths,Spain
674,9/5/2014,167,4.0,Cases,UnitedStates
1650,9/5/2014,167,1.0,Deaths,UnitedStates
65,9/7/2014,169,861.0,Cases,Guinea
1041,9/7/2014,169,557.0,Deaths,Guinea
187,9/7/2014,169,2081.0,Cases,Liberia
1163,9/7/2014,169,1137.0,Deaths,Liberia
919,9/7/2014,169,7.0,Cases,Mali
1895,9/7/2014,169,6.0,Deaths,Mali
431,9/7/2014,169,21.0,Cases,Nigeria
1407,9/7/2014,169,8.0,Deaths,Nigeria
553,9/7/2014,169,3.0,Cases,Senegal
1529,9/7/2014,169,0.0,Deaths,Senegal
309,9/7/2014,169,1424.0,Cases,SierraLeone
1285,9/7/2014,169,524.0,Deaths,SierraLeone
797,9/7/2014,169,1.0,Cases,Spain
1773,9/7/2014,169,0.0,Deaths,Spain
675,9/7/2014,169,4.0,Cases,UnitedStates
1651,9/7/2014,169,1.0,Deaths,UnitedStates
66,9/9/2014,171,861.0,Cases,Guinea
1042,9/9/2014,171,557.0,Deaths,Guinea
188,9/9/2014,171,2407.0,Cases,Liberia
1164,9/9/2014,171,1137.0,Deaths,Liberia
920,9/9/2014,171,7.0,Cases,Mali
1896,9/9/2014,171,6.0,Deaths,Mali
432,9/9/2014,171,21.0,Cases,Nigeria
1408,9/9/2014,171,8.0,Deaths,Nigeria
554,9/9/2014,171,3.0,Cases,Senegal
1530,9/9/2014,171,0.0,Deaths,Senegal
310,9/9/2014,171,1424.0,Cases,SierraLeone
1286,9/9/2014,171,524.0,Deaths,SierraLeone
798,9/9/2014,171,1.0,Cases,Spain
1774,9/9/2014,171,0.0,Deaths,Spain
676,9/9/2014,171,4.0,Cases,UnitedStates
1652,9/9/2014,171,1.0,Deaths,UnitedStates
67,9/10/2014,172,899.0,Cases,Guinea
1043,9/10/2014,172,568.0,Deaths,Guinea
189,9/10/2014,172,2407.0,Cases,Liberia
1165,9/10/2014,172,1137.0,Deaths,Liberia
921,9/10/2014,172,7.0,Cases,Mali
1897,9/10/2014,172,6.0,Deaths,Mali
433,9/10/2014,172,21.0,Cases,Nigeria
1409,9/10/2014,172,8.0,Deaths,Nigeria
555,9/10/2014,172,1.0,Cases,Senegal
1531,9/10/2014,172,0.0,Deaths,Senegal
311,9/10/2014,172,1478.0,Cases,SierraLeone
1287,9/10/2014,172,536.0,Deaths,SierraLeone
799,9/10/2014,172,1.0,Cases,Spain
1775,9/10/2014,172,0.0,Deaths,Spain
677,9/10/2014,172,4.0,Cases,UnitedStates
1653,9/10/2014,172,1.0,Deaths,UnitedStates
68,9/13/2014,175,936.0,Cases,Guinea
1044,9/13/2014,175,595.0,Deaths,Guinea
190,9/13/2014,175,2407.0,Cases,Liberia
1166,9/13/2014,175,1296.0,Deaths,Liberia
922,9/13/2014,175,7.0,Cases,Mali
1898,9/13/2014,175,6.0,Deaths,Mali
434,9/13/2014,175,21.0,Cases,Nigeria
1410,9/13/2014,175,8.0,Deaths,Nigeria
556,9/13/2014,175,1.0,Cases,Senegal
1532,9/13/2014,175,0.0,Deaths,Senegal
312,9/13/2014,175,1620.0,Cases,SierraLeone
1288,9/13/2014,175,562.0,Deaths,SierraLeone
800,9/13/2014,175,1.0,Cases,Spain
1776,9/13/2014,175,0.0,Deaths,Spain
678,9/13/2014,175,4.0,Cases,UnitedStates
1654,9/13/2014,175,1.0,Deaths,UnitedStates
69,9/14/2014,176,942.0,Cases,Guinea
1045,9/14/2014,176,601.0,Deaths,Guinea
191,9/14/2014,176,2710.0,Cases,Liberia
1167,9/14/2014,176,1459.0,Deaths,Liberia
923,9/14/2014,176,7.0,Cases,Mali
1899,9/14/2014,176,6.0,Deaths,Mali
435,9/14/2014,176,21.0,Cases,Nigeria
1411,9/14/2014,176,8.0,Deaths,Nigeria
557,9/14/2014,176,1.0,Cases,Senegal
1533,9/14/2014,176,0.0,Deaths,Senegal
313,9/14/2014,176,1673.0,Cases,SierraLeone
1289,9/14/2014,176,562.0,Deaths,SierraLeone
801,9/14/2014,176,1.0,Cases,Spain
1777,9/14/2014,176,0.0,Deaths,Spain
679,9/14/2014,176,4.0,Cases,UnitedStates
1655,9/14/2014,176,1.0,Deaths,UnitedStates
70,9/17/2014,179,942.0,Cases,Guinea
1046,9/17/2014,179,601.0,Deaths,Guinea
192,9/17/2014,179,3022.0,Cases,Liberia
1168,9/17/2014,179,1578.0,Deaths,Liberia
924,9/17/2014,179,7.0,Cases,Mali
1900,9/17/2014,179,6.0,Deaths,Mali
436,9/17/2014,179,21.0,Cases,Nigeria
1412,9/17/2014,179,8.0,Deaths,Nigeria
558,9/17/2014,179,1.0,Cases,Senegal
1534,9/17/2014,179,0.0,Deaths,Senegal
314,9/17/2014,179,1673.0,Cases,SierraLeone
1290,9/17/2014,179,562.0,Deaths,SierraLeone
802,9/17/2014,179,1.0,Cases,Spain
1778,9/17/2014,179,0.0,Deaths,Spain
680,9/17/2014,179,4.0,Cases,UnitedStates
1656,9/17/2014,179,1.0,Deaths,UnitedStates
71,9/19/2014,181,1008.0,Cases,Guinea
1047,9/19/2014,181,632.0,Deaths,Guinea
193,9/19/2014,181,3022.0,Cases,Liberia
1169,9/19/2014,181,1578.0,Deaths,Liberia
925,9/19/2014,181,7.0,Cases,Mali
1901,9/19/2014,181,6.0,Deaths,Mali
437,9/19/2014,181,21.0,Cases,Nigeria
1413,9/19/2014,181,8.0,Deaths,Nigeria
559,9/19/2014,181,1.0,Cases,Senegal
1535,9/19/2014,181,0.0,Deaths,Senegal
315,9/19/2014,181,1673.0,Cases,SierraLeone
1291,9/19/2014,181,562.0,Deaths,SierraLeone
803,9/19/2014,181,1.0,Cases,Spain
1779,9/19/2014,181,0.0,Deaths,Spain
681,9/19/2014,181,4.0,Cases,UnitedStates
1657,9/19/2014,181,1.0,Deaths,UnitedStates
72,9/20/2014,182,1008.0,Cases,Guinea
1048,9/20/2014,182,632.0,Deaths,Guinea
194,9/20/2014,182,3022.0,Cases,Liberia
1170,9/20/2014,182,1578.0,Deaths,Liberia
926,9/20/2014,182,7.0,Cases,Mali
1902,9/20/2014,182,6.0,Deaths,Mali
438,9/20/2014,182,21.0,Cases,Nigeria
1414,9/20/2014,182,8.0,Deaths,Nigeria
560,9/20/2014,182,1.0,Cases,Senegal
1536,9/20/2014,182,0.0,Deaths,Senegal
316,9/20/2014,182,1813.0,Cases,SierraLeone
1292,9/20/2014,182,593.0,Deaths,SierraLeone
804,9/20/2014,182,1.0,Cases,Spain
1780,9/20/2014,182,0.0,Deaths,Spain
682,9/20/2014,182,4.0,Cases,UnitedStates
1658,9/20/2014,182,1.0,Deaths,UnitedStates
73,9/21/2014,183,1022.0,Cases,Guinea
1049,9/21/2014,183,635.0,Deaths,Guinea
195,9/21/2014,183,3280.0,Cases,Liberia
1171,9/21/2014,183,1677.0,Deaths,Liberia
927,9/21/2014,183,7.0,Cases,Mali
1903,9/21/2014,183,6.0,Deaths,Mali
439,9/21/2014,183,20.0,Cases,Nigeria
1415,9/21/2014,183,8.0,Deaths,Nigeria
561,9/21/2014,183,1.0,Cases,Senegal
1537,9/21/2014,183,0.0,Deaths,Senegal
317,9/21/2014,183,1940.0,Cases,SierraLeone
1293,9/21/2014,183,597.0,Deaths,SierraLeone
805,9/21/2014,183,1.0,Cases,Spain
1781,9/21/2014,183,0.0,Deaths,Spain
683,9/21/2014,183,4.0,Cases,UnitedStates
1659,9/21/2014,183,1.0,Deaths,UnitedStates
74,9/23/2014,185,1074.0,Cases,Guinea
1050,9/23/2014,185,648.0,Deaths,Guinea
196,9/23/2014,185,3458.0,Cases,Liberia
1172,9/23/2014,185,1830.0,Deaths,Liberia
928,9/23/2014,185,7.0,Cases,Mali
1904,9/23/2014,185,6.0,Deaths,Mali
440,9/23/2014,185,20.0,Cases,Nigeria
1416,9/23/2014,185,8.0,Deaths,Nigeria
562,9/23/2014,185,1.0,Cases,Senegal
1538,9/23/2014,185,0.0,Deaths,Senegal
318,9/23/2014,185,2021.0,Cases,SierraLeone
1294,9/23/2014,185,605.0,Deaths,SierraLeone
806,9/23/2014,185,1.0,Cases,Spain
1782,9/23/2014,185,0.0,Deaths,Spain
684,9/23/2014,185,4.0,Cases,UnitedStates
1660,9/23/2014,185,1.0,Deaths,UnitedStates
75,9/28/2014,190,1157.0,Cases,Guinea
1051,9/28/2014,190,710.0,Deaths,Guinea
197,9/28/2014,190,3696.0,Cases,Liberia
1173,9/28/2014,190,1998.0,Deaths,Liberia
929,9/28/2014,190,7.0,Cases,Mali
1905,9/28/2014,190,6.0,Deaths,Mali
441,9/28/2014,190,20.0,Cases,Nigeria
1417,9/28/2014,190,8.0,Deaths,Nigeria
563,9/28/2014,190,1.0,Cases,Senegal
1539,9/28/2014,190,0.0,Deaths,Senegal
319,9/28/2014,190,2304.0,Cases,SierraLeone
1295,9/28/2014,190,622.0,Deaths,SierraLeone
807,9/28/2014,190,1.0,Cases,Spain
1783,9/28/2014,190,0.0,Deaths,Spain
685,9/28/2014,190,4.0,Cases,UnitedStates
1661,9/28/2014,190,1.0,Deaths,UnitedStates
76,10/1/2014,193,1199.0,Cases,Guinea
1052,10/1/2014,193,739.0,Deaths,Guinea
198,10/1/2014,193,3834.0,Cases,Liberia
1174,10/1/2014,193,2069.0,Deaths,Liberia
930,10/1/2014,193,7.0,Cases,Mali
1906,10/1/2014,193,6.0,Deaths,Mali
442,10/1/2014,193,20.0,Cases,Nigeria
1418,10/1/2014,193,8.0,Deaths,Nigeria
564,10/1/2014,193,1.0,Cases,Senegal
1540,10/1/2014,193,0.0,Deaths,Senegal
320,10/1/2014,193,2437.0,Cases,SierraLeone
1296,10/1/2014,193,623.0,Deaths,SierraLeone
808,10/1/2014,193,1.0,Cases,Spain
1784,10/1/2014,193,0.0,Deaths,Spain
686,10/1/2014,193,1.0,Cases,UnitedStates
1662,10/1/2014,193,0.0,Deaths,UnitedStates
77,10/4/2014,196,1199.0,Cases,Guinea
1053,10/4/2014,196,739.0,Deaths,Guinea
199,10/4/2014,196,3924.0,Cases,Liberia
1175,10/4/2014,196,2210.0,Deaths,Liberia
931,10/4/2014,196,7.0,Cases,Mali
1907,10/4/2014,196,6.0,Deaths,Mali
443,10/4/2014,196,20.0,Cases,Nigeria
1419,10/4/2014,196,8.0,Deaths,Nigeria
565,10/4/2014,196,1.0,Cases,Senegal
1541,10/4/2014,196,0.0,Deaths,Senegal
321,10/4/2014,196,2437.0,Cases,SierraLeone
1297,10/4/2014,196,623.0,Deaths,SierraLeone
809,10/4/2014,196,1.0,Cases,Spain
1785,10/4/2014,196,0.0,Deaths,Spain
687,10/4/2014,196,1.0,Cases,UnitedStates
1663,10/4/2014,196,0.0,Deaths,UnitedStates
78,10/5/2014,197,1298.0,Cases,Guinea
1054,10/5/2014,197,768.0,Deaths,Guinea
200,10/5/2014,197,3924.0,Cases,Liberia
1176,10/5/2014,197,2210.0,Deaths,Liberia
932,10/5/2014,197,7.0,Cases,Mali
1908,10/5/2014,197,6.0,Deaths,Mali
444,10/5/2014,197,20.0,Cases,Nigeria
1420,10/5/2014,197,8.0,Deaths,Nigeria
566,10/5/2014,197,1.0,Cases,Senegal
1542,10/5/2014,197,0.0,Deaths,Senegal
322,10/5/2014,197,2789.0,Cases,SierraLeone
1298,10/5/2014,197,879.0,Deaths,SierraLeone
810,10/5/2014,197,1.0,Cases,Spain
1786,10/5/2014,197,0.0,Deaths,Spain
688,10/5/2014,197,1.0,Cases,UnitedStates
1664,10/5/2014,197,0.0,Deaths,UnitedStates
79,10/7/2014,199,1350.0,Cases,Guinea
1055,10/7/2014,199,778.0,Deaths,Guinea
201,10/7/2014,199,4076.0,Cases,Liberia
1177,10/7/2014,199,2316.0,Deaths,Liberia
933,10/7/2014,199,7.0,Cases,Mali
1909,10/7/2014,199,6.0,Deaths,Mali
445,10/7/2014,199,20.0,Cases,Nigeria
1421,10/7/2014,199,8.0,Deaths,Nigeria
567,10/7/2014,199,1.0,Cases,Senegal
1543,10/7/2014,199,0.0,Deaths,Senegal
323,10/7/2014,199,2789.0,Cases,SierraLeone
1299,10/7/2014,199,879.0,Deaths,SierraLeone
811,10/7/2014,199,1.0,Cases,Spain
1787,10/7/2014,199,0.0,Deaths,Spain
689,10/7/2014,199,1.0,Cases,UnitedStates
1665,10/7/2014,199,0.0,Deaths,UnitedStates
80,10/8/2014,200,1350.0,Cases,Guinea
1056,10/8/2014,200,778.0,Deaths,Guinea
202,10/8/2014,200,4076.0,Cases,Liberia
1178,10/8/2014,200,2316.0,Deaths,Liberia
934,10/8/2014,200,7.0,Cases,Mali
1910,10/8/2014,200,6.0,Deaths,Mali
446,10/8/2014,200,20.0,Cases,Nigeria
1422,10/8/2014,200,8.0,Deaths,Nigeria
568,10/8/2014,200,1.0,Cases,Senegal
1544,10/8/2014,200,0.0,Deaths,Senegal
324,10/8/2014,200,2950.0,Cases,SierraLeone
1300,10/8/2014,200,930.0,Deaths,SierraLeone
812,10/8/2014,200,1.0,Cases,Spain
1788,10/8/2014,200,1.0,Deaths,Spain
690,10/8/2014,200,1.0,Cases,UnitedStates
1666,10/8/2014,200,1.0,Deaths,UnitedStates
81,10/11/2014,203,1350.0,Cases,Guinea
1057,10/11/2014,203,778.0,Deaths,Guinea
203,10/11/2014,203,4249.0,Cases,Liberia
1179,10/11/2014,203,2458.0,Deaths,Liberia
935,10/11/2014,203,7.0,Cases,Mali
1911,10/11/2014,203,6.0,Deaths,Mali
447,10/11/2014,203,20.0,Cases,Nigeria
1423,10/11/2014,203,8.0,Deaths,Nigeria
569,10/11/2014,203,1.0,Cases,Senegal
1545,10/11/2014,203,0.0,Deaths,Senegal
325,10/11/2014,203,2950.0,Cases,SierraLeone
1301,10/11/2014,203,930.0,Deaths,SierraLeone
813,10/11/2014,203,1.0,Cases,Spain
1789,10/11/2014,203,1.0,Deaths,Spain
691,10/11/2014,203,1.0,Cases,UnitedStates
1667,10/11/2014,203,1.0,Deaths,UnitedStates
82,10/12/2014,204,1472.0,Cases,Guinea
1058,10/12/2014,204,843.0,Deaths,Guinea
204,10/12/2014,204,4249.0,Cases,Liberia
1180,10/12/2014,204,2458.0,Deaths,Liberia
936,10/12/2014,204,7.0,Cases,Mali
1912,10/12/2014,204,6.0,Deaths,Mali
448,10/12/2014,204,20.0,Cases,Nigeria
1424,10/12/2014,204,8.0,Deaths,Nigeria
570,10/12/2014,204,1.0,Cases,Senegal
1546,10/12/2014,204,0.0,Deaths,Senegal
326,10/12/2014,204,3252.0,Cases,SierraLeone
1302,10/12/2014,204,1183.0,Deaths,SierraLeone
814,10/12/2014,204,1.0,Cases,Spain
1790,10/12/2014,204,1.0,Deaths,Spain
692,10/12/2014,204,2.0,Cases,UnitedStates
1668,10/12/2014,204,1.0,Deaths,UnitedStates
83,10/13/2014,205,1472.0,Cases,Guinea
1059,10/13/2014,205,843.0,Deaths,Guinea
205,10/13/2014,205,4262.0,Cases,Liberia
1181,10/13/2014,205,2484.0,Deaths,Liberia
937,10/13/2014,205,7.0,Cases,Mali
1913,10/13/2014,205,6.0,Deaths,Mali
449,10/13/2014,205,20.0,Cases,Nigeria
1425,10/13/2014,205,8.0,Deaths,Nigeria
571,10/13/2014,205,1.0,Cases,Senegal
1547,10/13/2014,205,0.0,Deaths,Senegal
327,10/13/2014,205,3252.0,Cases,SierraLeone
1303,10/13/2014,205,1183.0,Deaths,SierraLeone
815,10/13/2014,205,1.0,Cases,Spain
1791,10/13/2014,205,1.0,Deaths,Spain
693,10/13/2014,205,2.0,Cases,UnitedStates
1669,10/13/2014,205,1.0,Deaths,UnitedStates
84,10/14/2014,206,1519.0,Cases,Guinea
1060,10/14/2014,206,862.0,Deaths,Guinea
206,10/14/2014,206,4262.0,Cases,Liberia
1182,10/14/2014,206,2484.0,Deaths,Liberia
938,10/14/2014,206,7.0,Cases,Mali
1914,10/14/2014,206,6.0,Deaths,Mali
450,10/14/2014,206,20.0,Cases,Nigeria
1426,10/14/2014,206,8.0,Deaths,Nigeria
572,10/14/2014,206,1.0,Cases,Senegal
1548,10/14/2014,206,0.0,Deaths,Senegal
328,10/14/2014,206,3410.0,Cases,SierraLeone
1304,10/14/2014,206,1200.0,Deaths,SierraLeone
816,10/14/2014,206,1.0,Cases,Spain
1792,10/14/2014,206,1.0,Deaths,Spain
694,10/14/2014,206,3.0,Cases,UnitedStates
1670,10/14/2014,206,0.0,Deaths,UnitedStates
85,10/18/2014,210,1519.0,Cases,Guinea
1061,10/18/2014,210,862.0,Deaths,Guinea
207,10/18/2014,210,4665.0,Cases,Liberia
1183,10/18/2014,210,2705.0,Deaths,Liberia
939,10/18/2014,210,7.0,Cases,Mali
1915,10/18/2014,210,6.0,Deaths,Mali
451,10/18/2014,210,20.0,Cases,Nigeria
1427,10/18/2014,210,8.0,Deaths,Nigeria
573,10/18/2014,210,1.0,Cases,Senegal
1549,10/18/2014,210,0.0,Deaths,Senegal
329,10/18/2014,210,3410.0,Cases,SierraLeone
1305,10/18/2014,210,1200.0,Deaths,SierraLeone
817,10/18/2014,210,1.0,Cases,Spain
1793,10/18/2014,210,1.0,Deaths,Spain
695,10/18/2014,210,3.0,Cases,UnitedStates
1671,10/18/2014,210,0.0,Deaths,UnitedStates
86,10/19/2014,211,1540.0,Cases,Guinea
1062,10/19/2014,211,904.0,Deaths,Guinea
208,10/19/2014,211,4665.0,Cases,Liberia
1184,10/19/2014,211,2705.0,Deaths,Liberia
940,10/19/2014,211,7.0,Cases,Mali
1916,10/19/2014,211,6.0,Deaths,Mali
452,10/19/2014,211,20.0,Cases,Nigeria
1428,10/19/2014,211,8.0,Deaths,Nigeria
574,10/19/2014,211,1.0,Cases,Senegal
1550,10/19/2014,211,0.0,Deaths,Senegal
330,10/19/2014,211,3706.0,Cases,SierraLeone
1306,10/19/2014,211,1259.0,Deaths,SierraLeone
818,10/19/2014,211,1.0,Cases,Spain
1794,10/19/2014,211,0.0,Deaths,Spain
696,10/19/2014,211,3.0,Cases,UnitedStates
1672,10/19/2014,211,1.0,Deaths,UnitedStates
87,10/21/2014,213,1553.0,Cases,Guinea
1063,10/21/2014,213,926.0,Deaths,Guinea
209,10/21/2014,213,4665.0,Cases,Liberia
1185,10/21/2014,213,2705.0,Deaths,Liberia
941,10/21/2014,213,7.0,Cases,Mali
1917,10/21/2014,213,6.0,Deaths,Mali
453,10/21/2014,213,20.0,Cases,Nigeria
1429,10/21/2014,213,8.0,Deaths,Nigeria
575,10/21/2014,213,1.0,Cases,Senegal
1551,10/21/2014,213,0.0,Deaths,Senegal
331,10/21/2014,213,3706.0,Cases,SierraLeone
1307,10/21/2014,213,1259.0,Deaths,SierraLeone
819,10/21/2014,213,1.0,Cases,Spain
1795,10/21/2014,213,0.0,Deaths,Spain
697,10/21/2014,213,3.0,Cases,UnitedStates
1673,10/21/2014,213,1.0,Deaths,UnitedStates
88,10/22/2014,214,1553.0,Cases,Guinea
1064,10/22/2014,214,926.0,Deaths,Guinea
210,10/22/2014,214,4665.0,Cases,Liberia
1186,10/22/2014,214,2705.0,Deaths,Liberia
942,10/22/2014,214,1.0,Cases,Mali
1918,10/22/2014,214,1.0,Deaths,Mali
454,10/22/2014,214,20.0,Cases,Nigeria
1430,10/22/2014,214,8.0,Deaths,Nigeria
576,10/22/2014,214,1.0,Cases,Senegal
1552,10/22/2014,214,0.0,Deaths,Senegal
332,10/22/2014,214,3896.0,Cases,SierraLeone
1308,10/22/2014,214,1281.0,Deaths,SierraLeone
820,10/22/2014,214,1.0,Cases,Spain
1796,10/22/2014,214,0.0,Deaths,Spain
698,10/22/2014,214,4.0,Cases,UnitedStates
1674,10/22/2014,214,1.0,Deaths,UnitedStates
89,10/25/2014,216,1553.0,Cases,Guinea
1065,10/25/2014,216,926.0,Deaths,Guinea
211,10/25/2014,216,6535.0,Cases,Liberia
1187,10/25/2014,216,2413.0,Deaths,Liberia
943,10/25/2014,216,1.0,Cases,Mali
1919,10/25/2014,216,1.0,Deaths,Mali
455,10/25/2014,216,20.0,Cases,Nigeria
1431,10/25/2014,216,8.0,Deaths,Nigeria
577,10/25/2014,216,1.0,Cases,Senegal
1553,10/25/2014,216,0.0,Deaths,Senegal
333,10/25/2014,216,3896.0,Cases,SierraLeone
1309,10/25/2014,216,1281.0,Deaths,SierraLeone
821,10/25/2014,216,1.0,Cases,Spain
1797,10/25/2014,216,0.0,Deaths,Spain
699,10/25/2014,216,4.0,Cases,UnitedStates
1675,10/25/2014,216,1.0,Deaths,UnitedStates
90,10/27/2014,218,1906.0,Cases,Guinea
1066,10/27/2014,218,997.0,Deaths,Guinea
212,10/27/2014,218,6535.0,Cases,Liberia
1188,10/27/2014,218,2413.0,Deaths,Liberia
944,10/27/2014,218,1.0,Cases,Mali
1920,10/27/2014,218,1.0,Deaths,Mali
456,10/27/2014,218,20.0,Cases,Nigeria
1432,10/27/2014,218,8.0,Deaths,Nigeria
578,10/27/2014,218,1.0,Cases,Senegal
1554,10/27/2014,218,0.0,Deaths,Senegal
334,10/27/2014,218,5235.0,Cases,SierraLeone
1310,10/27/2014,218,1500.0,Deaths,SierraLeone
822,10/27/2014,218,1.0,Cases,Spain
1798,10/27/2014,218,0.0,Deaths,Spain
700,10/27/2014,218,4.0,Cases,UnitedStates
1676,10/27/2014,218,1.0,Deaths,UnitedStates
91,10/29/2014,220,1667.0,Cases,Guinea
1067,10/29/2014,220,1018.0,Deaths,Guinea
213,10/29/2014,220,6535.0,Cases,Liberia
1189,10/29/2014,220,2413.0,Deaths,Liberia
945,10/29/2014,220,1.0,Cases,Mali
1921,10/29/2014,220,1.0,Deaths,Mali
457,10/29/2014,220,20.0,Cases,Nigeria
1433,10/29/2014,220,8.0,Deaths,Nigeria
579,10/29/2014,220,1.0,Cases,Senegal
1555,10/29/2014,220,0.0,Deaths,Senegal
335,10/29/2014,220,5338.0,Cases,SierraLeone
1311,10/29/2014,220,1510.0,Deaths,SierraLeone
823,10/29/2014,220,1.0,Cases,Spain
1799,10/29/2014,220,0.0,Deaths,Spain
701,10/29/2014,220,4.0,Cases,UnitedStates
1677,10/29/2014,220,1.0,Deaths,UnitedStates
92,10/31/2014,222,1667.0,Cases,Guinea
1068,10/31/2014,222,1018.0,Deaths,Guinea
214,10/31/2014,222,6525.0,Cases,Liberia
1190,10/31/2014,222,2697.0,Deaths,Liberia
946,10/31/2014,222,1.0,Cases,Mali
1922,10/31/2014,222,1.0,Deaths,Mali
458,10/31/2014,222,20.0,Cases,Nigeria
1434,10/31/2014,222,8.0,Deaths,Nigeria
580,10/31/2014,222,1.0,Cases,Senegal
1556,10/31/2014,222,0.0,Deaths,Senegal
336,10/31/2014,222,5338.0,Cases,SierraLeone
1312,10/31/2014,222,1510.0,Deaths,SierraLeone
824,10/31/2014,222,1.0,Cases,Spain
1800,10/31/2014,222,0.0,Deaths,Spain
702,10/31/2014,222,4.0,Cases,UnitedStates
1678,10/31/2014,222,1.0,Deaths,UnitedStates
93,11/2/2014,225,1731.0,Cases,Guinea
1069,11/2/2014,225,1041.0,Deaths,Guinea
215,11/2/2014,225,6525.0,Cases,Liberia
1191,11/2/2014,225,2697.0,Deaths,Liberia
947,11/2/2014,225,1.0,Cases,Mali
1923,11/2/2014,225,1.0,Deaths,Mali
459,11/2/2014,225,20.0,Cases,Nigeria
1435,11/2/2014,225,8.0,Deaths,Nigeria
581,11/2/2014,225,1.0,Cases,Senegal
1557,11/2/2014,225,0.0,Deaths,Senegal
337,11/2/2014,225,4759.0,Cases,SierraLeone
1313,11/2/2014,225,1070.0,Deaths,SierraLeone
825,11/2/2014,225,1.0,Cases,Spain
1801,11/2/2014,225,0.0,Deaths,Spain
703,11/2/2014,225,4.0,Cases,UnitedStates
1679,11/2/2014,225,1.0,Deaths,UnitedStates
94,11/3/2014,226,1760.0,Cases,Guinea
1070,11/3/2014,226,1054.0,Deaths,Guinea
216,11/3/2014,226,6525.0,Cases,Liberia
1192,11/3/2014,226,2697.0,Deaths,Liberia
948,11/3/2014,226,1.0,Cases,Mali
1924,11/3/2014,226,1.0,Deaths,Mali
460,11/3/2014,226,20.0,Cases,Nigeria
1436,11/3/2014,226,8.0,Deaths,Nigeria
582,11/3/2014,226,1.0,Cases,Senegal
1558,11/3/2014,226,0.0,Deaths,Senegal
338,11/3/2014,226,4759.0,Cases,SierraLeone
1314,11/3/2014,226,1070.0,Deaths,SierraLeone
826,11/3/2014,226,1.0,Cases,Spain
1802,11/3/2014,226,0.0,Deaths,Spain
704,11/3/2014,226,4.0,Cases,UnitedStates
1680,11/3/2014,226,1.0,Deaths,UnitedStates
95,11/4/2014,227,1760.0,Cases,Guinea
1071,11/4/2014,227,1054.0,Deaths,Guinea
217,11/4/2014,227,6619.0,Cases,Liberia
1193,11/4/2014,227,2766.0,Deaths,Liberia
949,11/4/2014,227,1.0,Cases,Mali
1925,11/4/2014,227,1.0,Deaths,Mali
461,11/4/2014,227,20.0,Cases,Nigeria
1437,11/4/2014,227,8.0,Deaths,Nigeria
583,11/4/2014,227,1.0,Cases,Senegal
1559,11/4/2014,227,0.0,Deaths,Senegal
339,11/4/2014,227,4862.0,Cases,SierraLeone
1315,11/4/2014,227,1130.0,Deaths,SierraLeone
827,11/4/2014,227,1.0,Cases,Spain
1803,11/4/2014,227,0.0,Deaths,Spain
705,11/4/2014,227,4.0,Cases,UnitedStates
1681,11/4/2014,227,1.0,Deaths,UnitedStates
96,11/8/2014,231,1760.0,Cases,Guinea
1072,11/8/2014,231,1054.0,Deaths,Guinea
218,11/8/2014,231,6822.0,Cases,Liberia
1194,11/8/2014,231,2836.0,Deaths,Liberia
950,11/8/2014,231,1.0,Cases,Mali
1926,11/8/2014,231,1.0,Deaths,Mali
462,11/8/2014,231,20.0,Cases,Nigeria
1438,11/8/2014,231,8.0,Deaths,Nigeria
584,11/8/2014,231,1.0,Cases,Senegal
1560,11/8/2014,231,0.0,Deaths,Senegal
340,11/8/2014,231,4862.0,Cases,SierraLeone
1316,11/8/2014,231,1130.0,Deaths,SierraLeone
828,11/8/2014,231,1.0,Cases,Spain
1804,11/8/2014,231,0.0,Deaths,Spain
706,11/8/2014,231,4.0,Cases,UnitedStates
1682,11/8/2014,231,1.0,Deaths,UnitedStates
97,11/9/2014,232,1878.0,Cases,Guinea
1073,11/9/2014,232,1142.0,Deaths,Guinea
219,11/9/2014,232,6822.0,Cases,Liberia
1195,11/9/2014,232,2836.0,Deaths,Liberia
951,11/9/2014,232,1.0,Cases,Mali
1927,11/9/2014,232,1.0,Deaths,Mali
463,11/9/2014,232,20.0,Cases,Nigeria
1439,11/9/2014,232,8.0,Deaths,Nigeria
585,11/9/2014,232,1.0,Cases,Senegal
1561,11/9/2014,232,0.0,Deaths,Senegal
341,11/9/2014,232,5368.0,Cases,SierraLeone
1317,11/9/2014,232,1169.0,Deaths,SierraLeone
829,11/9/2014,232,1.0,Cases,Spain
1805,11/9/2014,232,0.0,Deaths,Spain
707,11/9/2014,232,4.0,Cases,UnitedStates
1683,11/9/2014,232,1.0,Deaths,UnitedStates
98,11/10/2014,233,1878.0,Cases,Guinea
1074,11/10/2014,233,1142.0,Deaths,Guinea
220,11/10/2014,233,6878.0,Cases,Liberia
1196,11/10/2014,233,2812.0,Deaths,Liberia
952,11/10/2014,233,1.0,Cases,Mali
1928,11/10/2014,233,1.0,Deaths,Mali
464,11/10/2014,233,20.0,Cases,Nigeria
1440,11/10/2014,233,8.0,Deaths,Nigeria
586,11/10/2014,233,1.0,Cases,Senegal
1562,11/10/2014,233,0.0,Deaths,Senegal
342,11/10/2014,233,5368.0,Cases,SierraLeone
1318,11/10/2014,233,1169.0,Deaths,SierraLeone
830,11/10/2014,233,1.0,Cases,Spain
1806,11/10/2014,233,0.0,Deaths,Spain
708,11/10/2014,233,4.0,Cases,UnitedStates
1684,11/10/2014,233,1.0,Deaths,UnitedStates
99,11/11/2014,234,1919.0,Cases,Guinea
1075,11/11/2014,234,1166.0,Deaths,Guinea
221,11/11/2014,234,6878.0,Cases,Liberia
1197,11/11/2014,234,2812.0,Deaths,Liberia
953,11/11/2014,234,4.0,Cases,Mali
1929,11/11/2014,234,3.0,Deaths,Mali
465,11/11/2014,234,20.0,Cases,Nigeria
1441,11/11/2014,234,8.0,Deaths,Nigeria
587,11/11/2014,234,1.0,Cases,Senegal
1563,11/11/2014,234,0.0,Deaths,Senegal
343,11/11/2014,234,5586.0,Cases,SierraLeone
1319,11/11/2014,234,1187.0,Deaths,SierraLeone
831,11/11/2014,234,1.0,Cases,Spain
1807,11/11/2014,234,0.0,Deaths,Spain
709,11/11/2014,234,4.0,Cases,UnitedStates
1685,11/11/2014,234,1.0,Deaths,UnitedStates
100,11/15/2014,238,1919.0,Cases,Guinea
1076,11/15/2014,238,1166.0,Deaths,Guinea
222,11/15/2014,238,7069.0,Cases,Liberia
1198,11/15/2014,238,2964.0,Deaths,Liberia
954,11/15/2014,238,4.0,Cases,Mali
1930,11/15/2014,238,3.0,Deaths,Mali
466,11/15/2014,238,20.0,Cases,Nigeria
1442,11/15/2014,238,8.0,Deaths,Nigeria
588,11/15/2014,238,1.0,Cases,Senegal
1564,11/15/2014,238,0.0,Deaths,Senegal
344,11/15/2014,238,5586.0,Cases,SierraLeone
1320,11/15/2014,238,1187.0,Deaths,SierraLeone
832,11/15/2014,238,1.0,Cases,Spain
1808,11/15/2014,238,0.0,Deaths,Spain
710,11/15/2014,238,4.0,Cases,UnitedStates
1686,11/15/2014,238,1.0,Deaths,UnitedStates
101,11/16/2014,239,1971.0,Cases,Guinea
1077,11/16/2014,239,1192.0,Deaths,Guinea
223,11/16/2014,239,7069.0,Cases,Liberia
1199,11/16/2014,239,2964.0,Deaths,Liberia
955,11/16/2014,239,5.0,Cases,Mali
1931,11/16/2014,239,5.0,Deaths,Mali
467,11/16/2014,239,20.0,Cases,Nigeria
1443,11/16/2014,239,8.0,Deaths,Nigeria
589,11/16/2014,239,1.0,Cases,Senegal
1565,11/16/2014,239,0.0,Deaths,Senegal
345,11/16/2014,239,6073.0,Cases,SierraLeone
1321,11/16/2014,239,1250.0,Deaths,SierraLeone
833,11/16/2014,239,1.0,Cases,Spain
1809,11/16/2014,239,0.0,Deaths,Spain
711,11/16/2014,239,4.0,Cases,UnitedStates
1687,11/16/2014,239,1.0,Deaths,UnitedStates
102,11/18/2014,241,2047.0,Cases,Guinea
1078,11/18/2014,241,1214.0,Deaths,Guinea
224,11/18/2014,241,7082.0,Cases,Liberia
1200,11/18/2014,241,2963.0,Deaths,Liberia
956,11/18/2014,241,6.0,Cases,Mali
1932,11/18/2014,241,6.0,Deaths,Mali
468,11/18/2014,241,20.0,Cases,Nigeria
1444,11/18/2014,241,8.0,Deaths,Nigeria
590,11/18/2014,241,1.0,Cases,Senegal
1566,11/18/2014,241,0.0,Deaths,Senegal
346,11/18/2014,241,6190.0,Cases,SierraLeone
1322,11/18/2014,241,1267.0,Deaths,SierraLeone
834,11/18/2014,241,1.0,Cases,Spain
1810,11/18/2014,241,0.0,Deaths,Spain
712,11/18/2014,241,4.0,Cases,UnitedStates
1688,11/18/2014,241,1.0,Deaths,UnitedStates
103,11/22/2014,245,2047.0,Cases,Guinea
1079,11/22/2014,245,1214.0,Deaths,Guinea
225,11/22/2014,245,7168.0,Cases,Liberia
1201,11/22/2014,245,3016.0,Deaths,Liberia
957,11/22/2014,245,6.0,Cases,Mali
1933,11/22/2014,245,6.0,Deaths,Mali
469,11/22/2014,245,20.0,Cases,Nigeria
1445,11/22/2014,245,8.0,Deaths,Nigeria
591,11/22/2014,245,1.0,Cases,Senegal
1567,11/22/2014,245,0.0,Deaths,Senegal
347,11/22/2014,245,6190.0,Cases,SierraLeone
1323,11/22/2014,245,1267.0,Deaths,SierraLeone
835,11/22/2014,245,1.0,Cases,Spain
1811,11/22/2014,245,0.0,Deaths,Spain
713,11/22/2014,245,4.0,Cases,UnitedStates
1689,11/22/2014,245,1.0,Deaths,UnitedStates
104,11/23/2014,246,2134.0,Cases,Guinea
1080,11/23/2014,246,1260.0,Deaths,Guinea
226,11/23/2014,246,7168.0,Cases,Liberia
1202,11/23/2014,246,3016.0,Deaths,Liberia
958,11/23/2014,246,7.0,Cases,Mali
1934,11/23/2014,246,6.0,Deaths,Mali
470,11/23/2014,246,20.0,Cases,Nigeria
1446,11/23/2014,246,8.0,Deaths,Nigeria
592,11/23/2014,246,1.0,Cases,Senegal
1568,11/23/2014,246,0.0,Deaths,Senegal
348,11/23/2014,246,6599.0,Cases,SierraLeone
1324,11/23/2014,246,1398.0,Deaths,SierraLeone
836,11/23/2014,246,1.0,Cases,Spain
1812,11/23/2014,246,0.0,Deaths,Spain
714,11/23/2014,246,4.0,Cases,UnitedStates
1690,11/23/2014,246,1.0,Deaths,UnitedStates
105,11/28/2014,251,2134.0,Cases,Guinea
1081,11/28/2014,251,1260.0,Deaths,Guinea
227,11/28/2014,251,7635.0,Cases,Liberia
1203,11/28/2014,251,3145.0,Deaths,Liberia
959,11/28/2014,251,7.0,Cases,Mali
1935,11/28/2014,251,6.0,Deaths,Mali
471,11/28/2014,251,20.0,Cases,Nigeria
1447,11/28/2014,251,8.0,Deaths,Nigeria
593,11/28/2014,251,1.0,Cases,Senegal
1569,11/28/2014,251,0.0,Deaths,Senegal
349,11/28/2014,251,6599.0,Cases,SierraLeone
1325,11/28/2014,251,1398.0,Deaths,SierraLeone
837,11/28/2014,251,1.0,Cases,Spain
1813,11/28/2014,251,0.0,Deaths,Spain
715,11/28/2014,251,4.0,Cases,UnitedStates
1691,11/28/2014,251,1.0,Deaths,UnitedStates
106,11/30/2014,253,2164.0,Cases,Guinea
1082,11/30/2014,253,1327.0,Deaths,Guinea
228,11/30/2014,253,7635.0,Cases,Liberia
1204,11/30/2014,253,3145.0,Deaths,Liberia
960,11/30/2014,253,7.0,Cases,Mali
1936,11/30/2014,253,6.0,Deaths,Mali
472,11/30/2014,253,20.0,Cases,Nigeria
1448,11/30/2014,253,8.0,Deaths,Nigeria
594,11/30/2014,253,1.0,Cases,Senegal
1570,11/30/2014,253,0.0,Deaths,Senegal
350,11/30/2014,253,7312.0,Cases,SierraLeone
1326,11/30/2014,253,1583.0,Deaths,SierraLeone
838,11/30/2014,253,1.0,Cases,Spain
1814,11/30/2014,253,0.0,Deaths,Spain
716,11/30/2014,253,4.0,Cases,UnitedStates
1692,11/30/2014,253,1.0,Deaths,UnitedStates
107,12/3/2014,256,2164.0,Cases,Guinea
1083,12/3/2014,256,1327.0,Deaths,Guinea
229,12/3/2014,256,7719.0,Cases,Liberia
1205,12/3/2014,256,3177.0,Deaths,Liberia
961,12/3/2014,256,7.0,Cases,Mali
1937,12/3/2014,256,6.0,Deaths,Mali
473,12/3/2014,256,20.0,Cases,Nigeria
1449,12/3/2014,256,8.0,Deaths,Nigeria
595,12/3/2014,256,1.0,Cases,Senegal
1571,12/3/2014,256,0.0,Deaths,Senegal
351,12/3/2014,256,7312.0,Cases,SierraLeone
1327,12/3/2014,256,1583.0,Deaths,SierraLeone
839,12/3/2014,256,1.0,Cases,Spain
1815,12/3/2014,256,0.0,Deaths,Spain
717,12/3/2014,256,4.0,Cases,UnitedStates
1693,12/3/2014,256,1.0,Deaths,UnitedStates
108,12/7/2014,260,2292.0,Cases,Guinea
1084,12/7/2014,260,1428.0,Deaths,Guinea
230,12/7/2014,260,7719.0,Cases,Liberia
1206,12/7/2014,260,3177.0,Deaths,Liberia
962,12/7/2014,260,7.0,Cases,Mali
1938,12/7/2014,260,6.0,Deaths,Mali
474,12/7/2014,260,20.0,Cases,Nigeria
1450,12/7/2014,260,8.0,Deaths,Nigeria
596,12/7/2014,260,1.0,Cases,Senegal
1572,12/7/2014,260,0.0,Deaths,Senegal
352,12/7/2014,260,7897.0,Cases,SierraLeone
1328,12/7/2014,260,1768.0,Deaths,SierraLeone
840,12/7/2014,260,1.0,Cases,Spain
1816,12/7/2014,260,0.0,Deaths,Spain
718,12/7/2014,260,4.0,Cases,UnitedStates
1694,12/7/2014,260,1.0,Deaths,UnitedStates
109,12/9/2014,262,2292.0,Cases,Guinea
1085,12/9/2014,262,1428.0,Deaths,Guinea
231,12/9/2014,262,7797.0,Cases,Liberia
1207,12/9/2014,262,3290.0,Deaths,Liberia
963,12/9/2014,262,7.0,Cases,Mali
1939,12/9/2014,262,6.0,Deaths,Mali
475,12/9/2014,262,20.0,Cases,Nigeria
1451,12/9/2014,262,8.0,Deaths,Nigeria
597,12/9/2014,262,1.0,Cases,Senegal
1573,12/9/2014,262,0.0,Deaths,Senegal
353,12/9/2014,262,7897.0,Cases,SierraLeone
1329,12/9/2014,262,1768.0,Deaths,SierraLeone
841,12/9/2014,262,1.0,Cases,Spain
1817,12/9/2014,262,0.0,Deaths,Spain
719,12/9/2014,262,4.0,Cases,UnitedStates
1695,12/9/2014,262,1.0,Deaths,UnitedStates
110,12/14/2014,267,2416.0,Cases,Guinea
1086,12/14/2014,267,1525.0,Deaths,Guinea
232,12/14/2014,267,7797.0,Cases,Liberia
1208,12/14/2014,267,3290.0,Deaths,Liberia
964,12/14/2014,267,7.0,Cases,Mali
1940,12/14/2014,267,6.0,Deaths,Mali
476,12/14/2014,267,20.0,Cases,Nigeria
1452,12/14/2014,267,8.0,Deaths,Nigeria
598,12/14/2014,267,1.0,Cases,Senegal
1574,12/14/2014,267,0.0,Deaths,Senegal
354,12/14/2014,267,8356.0,Cases,SierraLeone
1330,12/14/2014,267,2085.0,Deaths,SierraLeone
842,12/14/2014,267,1.0,Cases,Spain
1818,12/14/2014,267,0.0,Deaths,Spain
720,12/14/2014,267,4.0,Cases,UnitedStates
1696,12/14/2014,267,1.0,Deaths,UnitedStates
111,12/18/2014,271,2416.0,Cases,Guinea
1087,12/18/2014,271,1525.0,Deaths,Guinea
233,12/18/2014,271,7830.0,Cases,Liberia
1209,12/18/2014,271,3376.0,Deaths,Liberia
965,12/18/2014,271,7.0,Cases,Mali
1941,12/18/2014,271,6.0,Deaths,Mali
477,12/18/2014,271,20.0,Cases,Nigeria
1453,12/18/2014,271,8.0,Deaths,Nigeria
599,12/18/2014,271,1.0,Cases,Senegal
1575,12/18/2014,271,0.0,Deaths,Senegal
355,12/18/2014,271,8356.0,Cases,SierraLeone
1331,12/18/2014,271,2085.0,Deaths,SierraLeone
843,12/18/2014,271,1.0,Cases,Spain
1819,12/18/2014,271,0.0,Deaths,Spain
721,12/18/2014,271,4.0,Cases,UnitedStates
1697,12/18/2014,271,1.0,Deaths,UnitedStates
112,12/20/2014,272,2571.0,Cases,Guinea
1088,12/20/2014,272,1586.0,Deaths,Guinea
234,12/20/2014,272,7862.0,Cases,Liberia
1210,12/20/2014,272,3384.0,Deaths,Liberia
966,12/20/2014,272,7.0,Cases,Mali
1942,12/20/2014,272,6.0,Deaths,Mali
478,12/20/2014,272,20.0,Cases,Nigeria
1454,12/20/2014,272,8.0,Deaths,Nigeria
600,12/20/2014,272,1.0,Cases,Senegal
1576,12/20/2014,272,0.0,Deaths,Senegal
356,12/20/2014,272,8939.0,Cases,SierraLeone
1332,12/20/2014,272,2556.0,Deaths,SierraLeone
844,12/20/2014,272,1.0,Cases,Spain
1820,12/20/2014,272,0.0,Deaths,Spain
722,12/20/2014,272,4.0,Cases,UnitedStates
1698,12/20/2014,272,1.0,Deaths,UnitedStates
113,12/21/2014,273,2597.0,Cases,Guinea
1089,12/21/2014,273,1607.0,Deaths,Guinea
235,12/21/2014,273,7862.0,Cases,Liberia
1211,12/21/2014,273,3384.0,Deaths,Liberia
967,12/21/2014,273,7.0,Cases,Mali
1943,12/21/2014,273,6.0,Deaths,Mali
479,12/21/2014,273,20.0,Cases,Nigeria
1455,12/21/2014,273,8.0,Deaths,Nigeria
601,12/21/2014,273,1.0,Cases,Senegal
1577,12/21/2014,273,0.0,Deaths,Senegal
357,12/21/2014,273,9004.0,Cases,SierraLeone
1333,12/21/2014,273,2582.0,Deaths,SierraLeone
845,12/21/2014,273,1.0,Cases,Spain
1821,12/21/2014,273,0.0,Deaths,Spain
723,12/21/2014,273,4.0,Cases,UnitedStates
1699,12/21/2014,273,1.0,Deaths,UnitedStates
114,12/24/2014,277,2630.0,Cases,Guinea
1090,12/24/2014,277,1607.0,Deaths,Guinea
236,12/24/2014,277,7977.0,Cases,Liberia
1212,12/24/2014,277,3413.0,Deaths,Liberia
968,12/24/2014,277,7.0,Cases,Mali
1944,12/24/2014,277,6.0,Deaths,Mali
480,12/24/2014,277,20.0,Cases,Nigeria
1456,12/24/2014,277,8.0,Deaths,Nigeria
602,12/24/2014,277,1.0,Cases,Senegal
1578,12/24/2014,277,0.0,Deaths,Senegal
358,12/24/2014,277,9203.0,Cases,SierraLeone
1334,12/24/2014,277,2655.0,Deaths,SierraLeone
846,12/24/2014,277,1.0,Cases,Spain
1822,12/24/2014,277,0.0,Deaths,Spain
724,12/24/2014,277,4.0,Cases,UnitedStates
1700,12/24/2014,277,1.0,Deaths,UnitedStates
115,12/27/2014,280,2695.0,Cases,Guinea
1091,12/27/2014,280,1697.0,Deaths,Guinea
237,12/27/2014,280,7977.0,Cases,Liberia
1213,12/27/2014,280,3413.0,Deaths,Liberia
969,12/27/2014,280,7.0,Cases,Mali
1945,12/27/2014,280,6.0,Deaths,Mali
481,12/27/2014,280,20.0,Cases,Nigeria
1457,12/27/2014,280,8.0,Deaths,Nigeria
603,12/27/2014,280,1.0,Cases,Senegal
1579,12/27/2014,280,0.0,Deaths,Senegal
359,12/27/2014,280,9409.0,Cases,SierraLeone
1335,12/27/2014,280,2732.0,Deaths,SierraLeone
847,12/27/2014,280,1.0,Cases,Spain
1823,12/27/2014,280,0.0,Deaths,Spain
725,12/27/2014,280,4.0,Cases,UnitedStates
1701,12/27/2014,280,1.0,Deaths,UnitedStates
116,12/28/2014,281,2706.0,Cases,Guinea
1092,12/28/2014,281,1708.0,Deaths,Guinea
238,12/28/2014,281,8018.0,Cases,Liberia
1214,12/28/2014,281,3423.0,Deaths,Liberia
970,12/28/2014,281,7.0,Cases,Mali
1946,12/28/2014,281,6.0,Deaths,Mali
482,12/28/2014,281,20.0,Cases,Nigeria
1458,12/28/2014,281,8.0,Deaths,Nigeria
604,12/28/2014,281,1.0,Cases,Senegal
1580,12/28/2014,281,0.0,Deaths,Senegal
360,12/28/2014,281,9446.0,Cases,SierraLeone
1336,12/28/2014,281,2758.0,Deaths,SierraLeone
848,12/28/2014,281,1.0,Cases,Spain
1824,12/28/2014,281,0.0,Deaths,Spain
726,12/28/2014,281,4.0,Cases,UnitedStates
1702,12/28/2014,281,1.0,Deaths,UnitedStates
117,12/31/2014,284,2730.0,Cases,Guinea
1093,12/31/2014,284,1739.0,Deaths,Guinea
239,12/31/2014,284,8115.0,Cases,Liberia
1215,12/31/2014,284,3471.0,Deaths,Liberia
971,12/31/2014,284,7.0,Cases,Mali
1947,12/31/2014,284,6.0,Deaths,Mali
483,12/31/2014,284,20.0,Cases,Nigeria
1459,12/31/2014,284,8.0,Deaths,Nigeria
605,12/31/2014,284,1.0,Cases,Senegal
1581,12/31/2014,284,0.0,Deaths,Senegal
361,12/31/2014,284,9633.0,Cases,SierraLeone
1337,12/31/2014,284,2827.0,Deaths,SierraLeone
849,12/31/2014,284,1.0,Cases,Spain
1825,12/31/2014,284,0.0,Deaths,Spain
727,12/31/2014,284,4.0,Cases,UnitedStates
1703,12/31/2014,284,1.0,Deaths,UnitedStates
118,1/2/2015,286,2730.0,Cases,Guinea
1094,1/2/2015,286,1739.0,Deaths,Guinea
240,1/2/2015,286,8157.0,Cases,Liberia
1216,1/2/2015,286,3496.0,Deaths,Liberia
972,1/2/2015,286,7.0,Cases,Mali
1948,1/2/2015,286,6.0,Deaths,Mali
484,1/2/2015,286,20.0,Cases,Nigeria
1460,1/2/2015,286,8.0,Deaths,Nigeria
606,1/2/2015,286,1.0,Cases,Senegal
1582,1/2/2015,286,0.0,Deaths,Senegal
362,1/2/2015,286,9633.0,Cases,SierraLeone
1338,1/2/2015,286,2827.0,Deaths,SierraLeone
850,1/2/2015,286,1.0,Cases,Spain
1826,1/2/2015,286,0.0,Deaths,Spain
728,1/2/2015,286,4.0,Cases,UnitedStates
1704,1/2/2015,286,1.0,Deaths,UnitedStates
119,1/3/2015,287,2769.0,Cases,Guinea
1095,1/3/2015,287,1767.0,Deaths,Guinea
241,1/3/2015,287,8166.0,Cases,Liberia
1217,1/3/2015,287,3496.0,Deaths,Liberia
973,1/3/2015,287,7.0,Cases,Mali
1949,1/3/2015,287,6.0,Deaths,Mali
485,1/3/2015,287,20.0,Cases,Nigeria
1461,1/3/2015,287,8.0,Deaths,Nigeria
607,1/3/2015,287,1.0,Cases,Senegal
1583,1/3/2015,287,0.0,Deaths,Senegal
363,1/3/2015,287,9722.0,Cases,SierraLeone
1339,1/3/2015,287,2915.0,Deaths,SierraLeone
851,1/3/2015,287,1.0,Cases,Spain
1827,1/3/2015,287,0.0,Deaths,Spain
729,1/3/2015,287,4.0,Cases,UnitedStates
1705,1/3/2015,287,1.0,Deaths,UnitedStates
120,1/4/2015,288,2775.0,Cases,Guinea
1096,1/4/2015,288,1781.0,Deaths,Guinea
242,1/4/2015,288,8166.0,Cases,Liberia
1218,1/4/2015,288,3496.0,Deaths,Liberia
974,1/4/2015,288,7.0,Cases,Mali
1950,1/4/2015,288,6.0,Deaths,Mali
486,1/4/2015,288,20.0,Cases,Nigeria
1462,1/4/2015,288,8.0,Deaths,Nigeria
608,1/4/2015,288,1.0,Cases,Senegal
1584,1/4/2015,288,0.0,Deaths,Senegal
364,1/4/2015,288,9780.0,Cases,SierraLeone
1340,1/4/2015,288,2943.0,Deaths,SierraLeone
852,1/4/2015,288,1.0,Cases,Spain
1828,1/4/2015,288,0.0,Deaths,Spain
730,1/4/2015,288,4.0,Cases,UnitedStates
1706,1/4/2015,288,1.0,Deaths,UnitedStates
121,1/5/2015,289,2776.0,Cases,Guinea
1097,1/5/2015,289,1786.0,Deaths,Guinea
243,1/5/2015,289,8166.0,Cases,Liberia
1219,1/5/2015,289,3496.0,Deaths,Liberia
975,1/5/2015,289,7.0,Cases,Mali
1951,1/5/2015,289,6.0,Deaths,Mali
487,1/5/2015,289,20.0,Cases,Nigeria
1463,1/5/2015,289,8.0,Deaths,Nigeria
609,1/5/2015,289,1.0,Cases,Senegal
1585,1/5/2015,289,0.0,Deaths,Senegal
365,1/5/2015,289,10030.0,Cases,SierraLeone
1341,1/5/2015,289,2977.0,Deaths,SierraLeone
853,1/5/2015,289,1.0,Cases,Spain
1829,1/5/2015,289,0.0,Deaths,Spain
731,1/5/2015,289,4.0,Cases,UnitedStates
1707,1/5/2015,289,1.0,Deaths,UnitedStates
